RootCategory,Textbox240,ParentCategory,Textbox65,ProductCategory,Textbox62,ProductName,ProductId,StockLevel1,VatRate1,CaseCost1,CaseSize1,UnitCost1,SalesPrice1,SalesExVat1,Margin1,LastSoldDate,SupplierName,LastDocketId,LastDocketDate,LastDocketSupplier,LastDocketSupplierCode,LastDocketStatus,Created,Modified,Textbox36
TOBACCO,400,CIGARETTES/ TOBACCO,299,CAPSULES/PODS,7,VUSE EPOD VANILLA MEDLEY 6MG,5000393041890,-2,23.00,17.07,5,3.410,7.00,5.69,40.07,09/04/22,General Supplier,,,,,,29/03/22,29/03/22,400
TOBACCO,400,CIGARETTES/ TOBACCO,299,CAPSULES/PODS,7,VYPE EPEN3 PEPPERMINT CAP,5000393030092,-6,23.00,17.58,6,2.930,6.00,4.88,39.96,13/05/21,General Supplier,,,,,,31/07/20,31/07/20,400
TOBACCO,400,CIGARETTES/ TOBACCO,299,CAPSULES/PODS,7,VYPE EPOD CARTRIDGE MINT 12MG,5000393030153,-10,23.00,17.07,5,3.410,7.00,5.69,40.07,17/05/21,General Supplier,,,,,,11/05/21,11/05/21,400
TOBACCO,400,CIGARETTES/ TOBACCO,299,CAPSULES/PODS,7,VYPE EPOD CHILLED MINT 12MG,5000393030795,-5,23.00,17.07,5,3.410,7.00,5.69,40.07,24/05/21,General Supplier,,,,,,01/01/21,01/01/21,400
TOBACCO,400,CIGARETTES/ TOBACCO,299,CAPSULES/PODS,7,VYPE EPOD GOLDEN TOBACCO 12MG,5000393201270,-3,23.00,17.07,5,3.410,7.00,5.69,40.07,08/04/22,General Supplier,,,,,,26/04/21,26/04/21,400
TOBACCO,400,CIGARETTES/ TOBACCO,299,CAPSULES/PODS,7,VYPE EPOD GOLDEN TOBACCO 18MG,5000393368140,-9,23.00,17.07,5,3.410,7.00,5.69,40.07,10/09/21,General Supplier,,,,,,06/06/21,06/06/21,400
TOBACCO,400,CIGARETTES/ TOBACCO,299,CAPSULES/PODS,7,VYPE EPOD VANILLA MEDLEY 12MG,5000393201362,-5,23.00,17.07,5,3.410,7.00,5.69,40.07,01/06/21,General Supplier,,,,,,14/05/21,14/05/21,400
TOBACCO,400,CIGARETTES/ TOBACCO,299,CIGARETTES,89,AMERICAN SPIRIT BLUE 20PK,5011054102508,1,23.00,114.66,10,11.470,15.30,12.44,7.80,12/02/22,JTI Ireland LTD.,1053,04/10/17,JTI Ireland LTD.,1102515,Received,18/06/17,28/02/22,400
TOBACCO,400,CIGARETTES/ TOBACCO,299,CIGARETTES,89,B & H GOLD 20'S 20PK,5011054104205,37,23.00,114.65,10,11.470,15.30,12.44,7.80,24/04/22,JTI Ireland LTD.,23425,01/01/00,VALUE CENTER,107169,In Progress,10/05/16,19/04/22,400
TOBACCO,400,CIGARETTES/ TOBACCO,299,CIGARETTES,89,B & H GOLD KS BIG BOX 23S 23PK,5011054100702,12,23.00,102.07,8,12.760,17.00,13.82,7.67,22/04/22,JTI Ireland LTD.,23137,06/04/22,JTI Ireland LTD.,1100719,In Progress,06/09/16,01/04/22,400
TOBACCO,400,CIGARETTES/ TOBACCO,299,CIGARETTES,89,BENSON & H GOLD 27'S 27PK,53992352,37,23.00,117.18,8,14.650,19.50,15.85,7.57,24/04/22,JTI Ireland LTD.,23425,01/01/00,VALUE CENTER,699671,In Progress,21/12/20,19/04/22,400
TOBACCO,400,CIGARETTES/ TOBACCO,299,CIGARETTES,89,BENSON & H SELECT100 20PK,5011054101938,-1,23.00,110.57,10,11.060,14.80,12.03,8.06,21/09/20,JTI Ireland LTD.,621,24/05/17,JTI Ireland LTD.,1101945,Received,26/04/17,28/02/22,400
TOBACCO,400,CIGARETTES/ TOBACCO,299,CIGARETTES,89,BENSON & HEDGES GOLD 34'S 34PK,53992222,8,23.00,150.13,8,18.770,25.00,20.33,7.67,21/04/22,JTI Ireland LTD.,23425,01/01/00,VALUE CENTER,703750,In Progress,24/11/21,01/04/22,400
TOBACCO,400,CIGARETTES/ TOBACCO,299,CIGARETTES,89,BENSON & HEDGES GOLD 35'S 35PK,53992277,0,23.00,151.27,8,18.910,25.00,20.33,6.98,20/11/21,VALUE CENTER,20157,30/10/21,VALUE CENTER,700581,Received,16/03/21,30/10/21,400
TOBACCO,400,CIGARETTES/ TOBACCO,299,CIGARETTES,89,BENSON & HEDGES SILVER KS 20PK,5011054102034,10,23.00,110.53,10,11.050,14.80,12.03,8.15,14/04/22,JTI Ireland LTD.,21179,24/12/21,JTI Ireland LTD.,1102041,In Progress,07/02/17,28/02/22,400
TOBACCO,400,CIGARETTES/ TOBACCO,299,CIGARETTES,89,BLAS MENTHOL CHILL CARD,4030700134282,-789,23.00,21.46,100,0.210,0.35,0.28,25.00,24/04/22,JOHN PLAYER & SON,21175,24/12/21,JOHN PLAYER & SON,A84,In Progress,25/05/20,09/11/21,400
TOBACCO,400,CIGARETTES/ TOBACCO,299,CIGARETTES,89,CAMEL BLUE 20 PK 20PK,40329086,4,23.00,110.60,10,11.060,14.80,12.03,8.06,24/04/22,JTI Ireland LTD.,23425,01/01/00,VALUE CENTER,260992,In Progress,10/05/16,19/04/22,400
TOBACCO,400,CIGARETTES/ TOBACCO,299,CIGARETTES,89,CAMEL FILTER 20 PK 20PK,40329055,10,23.00,110.60,10,11.060,14.80,12.03,8.06,27/03/22,JTI Ireland LTD.,22395,02/03/22,JTI Ireland LTD.,1000053,Received,10/05/16,02/03/22,400
TOBACCO,400,CIGARETTES/ TOBACCO,299,CIGARETTES,89,CARROLLS NUMBER ONE 20PK,5099513101200,11,23.00,113.54,10,11.350,15.30,12.44,8.76,24/04/22,P. J. CARROLL & CO,23425,01/01/00,VALUE CENTER,687712,In Progress,10/09/16,19/04/22,400
TOBACCO,400,CIGARETTES/ TOBACCO,299,CIGARETTES,89,CARROLLS NUMBER ONE 23PK,96135877,1,23.00,98.40,8,12.300,16.50,13.41,8.28,23/04/22,P. J. CARROLL & CO,23168,07/04/22,P. J. CARROLL & CO,084156,Received,30/09/16,07/04/22,400
TOBACCO,400,CIGARETTES/ TOBACCO,299,CIGARETTES,89,DUNHILL INTERNATIONAL 20PK,50393510,22,23.00,115.21,10,11.520,15.50,12.60,8.57,06/04/22,P. J. CARROLL & CO,21739,27/01/22,P. J. CARROLL & CO,084217,Received,10/05/16,04/04/22,400
TOBACCO,400,CIGARETTES/ TOBACCO,299,CIGARETTES,89,JOHN PLAYER 100 S 20PK,53996053,0,23.00,111.83,10,11.180,15.00,12.20,8.36,19/04/22,JOHN PLAYER & SON,22131,17/02/22,JOHN PLAYER & SON,226,Received,10/05/16,04/04/22,400
TOBACCO,400,CIGARETTES/ TOBACCO,299,CIGARETTES,89,JOHN PLAYER BLUE 20PK 20 PK,53996084,13,23.00,112.01,10,11.200,15.00,12.20,8.20,23/04/22,JOHN PLAYER & SON,23425,01/01/00,VALUE CENTER,106484,In Progress,10/05/16,06/04/22,400
TOBACCO,400,CIGARETTES/ TOBACCO,299,CIGARETTES,89,JOHN PLAYER BLUE 27'S 27PK   8,4030600207208,2,23.00,111.37,8,13.920,18.60,15.12,7.94,24/04/22,JOHN PLAYER & SON,23425,01/01/00,VALUE CENTER,687921,In Progress,13/06/18,06/04/22,400
TOBACCO,400,CIGARETTES/ TOBACCO,299,CIGARETTES,89,JOHN PLAYER BLUE BIG 24S 24PK   8,4030600204900,9,23.00,101.96,8,12.750,16.90,13.74,7.21,13/11/21,JOHN PLAYER & SON,20248,04/11/21,JOHN PLAYER & SON,A68,Received,17/10/18,04/11/21,400
TOBACCO,400,CIGARETTES/ TOBACCO,299,CIGARETTES,89,JOHN PLAYER BLUE KS 35'S,4030600296509,4,23.00,111.58,6,18.600,24.80,20.16,7.74,22/04/22,JOHN PLAYER & SON,21175,24/12/21,JOHN PLAYER & SON,B62,In Progress,17/11/21,17/11/21,400
TOBACCO,400,CIGARETTES/ TOBACCO,299,CIGARETTES,89,JPS BLUE  20 KS 20PK,4030600111789,13,23.00,98.59,10,9.860,13.30,10.81,8.79,23/04/22,JOHN PLAYER & SON,23425,01/01/00,VALUE CENTER,674294,In Progress,10/05/16,06/04/22,400
TOBACCO,400,CIGARETTES/ TOBACCO,299,CIGARETTES,89,JPS BLUE 100S 20PK,4030600111758,11,23.00,98.59,10,9.860,13.30,10.81,8.79,20/04/22,JOHN PLAYER & SON,23287,13/04/22,JOHN PLAYER & SON,A40,In Progress,10/05/16,06/04/22,400
TOBACCO,400,CIGARETTES/ TOBACCO,299,CIGARETTES,89,JPS BLUE 23'S,4030600261514,1,23.00,88.85,8,11.110,14.85,12.07,7.95,22/04/22,JOHN PLAYER & SON,22992,30/03/22,JOHN PLAYER & SON,B53,Received,29/10/20,01/04/22,400
TOBACCO,400,CIGARETTES/ TOBACCO,299,CIGARETTES,89,JPS BLUE 27''S 27'S,4030600289440,13,23.00,102.35,8,12.790,17.20,13.98,8.51,14/04/22,JOHN PLAYER & SON,23136,06/04/22,JOHN PLAYER & SON,B58,Received,30/09/21,06/04/22,400
TOBACCO,400,CIGARETTES/ TOBACCO,299,CIGARETTES,89,JPS BLUE 28'S,4030600261484,0,23.00,97.95,8,12.240,16.50,13.41,8.72,01/11/21,JOHN PLAYER & SON,19421,16/09/21,JOHN PLAYER & SON,B51,Received,14/09/20,16/09/21,400
TOBACCO,400,CIGARETTES/ TOBACCO,299,CIGARETTES,89,JPS BLUE 35'S,4030600264775,0,23.00,93.76,6,15.630,20.90,16.99,8.00,28/08/21,JOHN PLAYER & SON,18804,12/08/21,VALUE CENTER,699561,Received,27/11/20,13/10/21,400
TOBACCO,400,CIGARETTES/ TOBACCO,299,CIGARETTES,89,JPS BLUE BIG BOX 24S 24PK,4030600207260,0,23.00,83.21,8,10.400,13.60,11.06,5.97,25/10/20,JOHN PLAYER & SON,12785,14/09/20,VALUE CENTER,690165,Received,13/10/18,13/10/21,400
TOBACCO,400,CIGARETTES/ TOBACCO,299,CIGARETTES,89,JPS BLUE BIG BOX 29S 29PK,4030600112168,0,23.00,98.81,8,12.350,16.40,13.33,7.35,15/09/20,JOHN PLAYER & SON,12724,10/09/20,VALUE CENTER,691560,Received,10/05/16,13/10/21,400
TOBACCO,400,CIGARETTES/ TOBACCO,299,CIGARETTES,89,JPS BLUE KS 34'S,4030600289471,9,23.00,93.72,6,15.620,21.00,17.07,8.49,23/04/22,JOHN PLAYER & SON,23425,01/01/00,VALUE CENTER,702292,In Progress,22/07/21,06/04/22,400
TOBACCO,400,CIGARETTES/ TOBACCO,299,CIGARETTES,89,JPS BRIGHT 20'S 20PK,4030600236642,3,23.00,98.59,10,9.860,13.30,10.81,8.79,22/01/22,JOHN PLAYER & SON,16478,07/04/21,JOHN PLAYER & SON,A85,In Progress,05/05/20,04/04/22,400
TOBACCO,400,CIGARETTES/ TOBACCO,299,CIGARETTES,89,JPS COOL GREEN 100'S 20,4030600275696,7,23.00,98.30,10,9.830,13.30,10.81,9.07,20/04/22,JOHN PLAYER & SON,20888,09/12/21,JOHN PLAYER & SON,B56,In Progress,01/03/21,04/04/22,400
TOBACCO,400,CIGARETTES/ TOBACCO,299,CIGARETTES,89,JPS COOL GREEN KS 20,4030600275726,5,23.00,98.30,10,9.830,13.30,10.81,9.07,25/02/22,JOHN PLAYER & SON,21556,18/01/22,JOHN PLAYER & SON,B55,Received,01/03/21,04/04/22,400
TOBACCO,400,CIGARETTES/ TOBACCO,299,CIGARETTES,89,JPS RED  23'S,4030600261545,9,23.00,88.85,8,11.110,14.85,12.07,7.95,10/04/22,JOHN PLAYER & SON,22418,03/03/22,JOHN PLAYER & SON,B52,Received,14/09/20,03/03/22,400
TOBACCO,400,CIGARETTES/ TOBACCO,299,CIGARETTES,89,JPS RED 100 FLASH 715 20PK,5010813814935,24,23.00,98.59,10,9.860,13.30,10.81,8.79,11/04/22,JOHN PLAYER & SON,23287,13/04/22,JOHN PLAYER & SON,252,In Progress,10/05/16,06/04/22,400
TOBACCO,400,CIGARETTES/ TOBACCO,299,CIGARETTES,89,JPS RED BIG BOX 24S 24PK,4030600207239,0,23.00,83.21,8,10.400,13.60,11.06,5.97,15/11/20,JOHN PLAYER & SON,12178,06/08/20,VALUE CENTER,690177,Received,26/09/18,13/10/21,400
TOBACCO,400,CIGARETTES/ TOBACCO,299,CIGARETTES,89,JPS RED KS 715 20PK,5010813814911,6,23.00,98.59,10,9.860,13.30,10.81,8.79,23/04/22,JOHN PLAYER & SON,21175,24/12/21,JOHN PLAYER & SON,250,In Progress,10/05/16,04/04/22,400
TOBACCO,400,CIGARETTES/ TOBACCO,299,CIGARETTES,89,JPS SILVER 100 S 20PK,5010813814874,7,23.00,98.59,10,9.860,13.30,10.81,8.79,21/02/22,JOHN PLAYER & SON,19474,21/09/21,JOHN PLAYER & SON,253,In Progress,10/05/16,04/04/22,400
TOBACCO,400,CIGARETTES/ TOBACCO,299,CIGARETTES,89,JPS SILVER KS 20PK,5010813814843,10,23.00,98.59,10,9.860,13.30,10.81,8.79,22/04/22,JOHN PLAYER & SON,22992,30/03/22,JOHN PLAYER & SON,251,Received,10/05/16,04/04/22,400
TOBACCO,400,CIGARETTES/ TOBACCO,299,CIGARETTES,89,L&M BLUE LABEL KINGSIZE 20PK,5060077781818,4,23.00,94.71,10,9.470,12.50,10.16,6.79,23/04/22,VALUE CENTER,22933,01/01/00,VALUE CENTER,648151,Sent,10/05/16,17/02/22,400
TOBACCO,400,CIGARETTES/ TOBACCO,299,CIGARETTES,89,L&M RED LABEL KINGSIZE 20PK,5060077781771,14,23.00,94.71,10,9.470,12.50,10.16,6.79,23/04/22,VALUE CENTER,23425,01/01/00,VALUE CENTER,648150,In Progress,06/06/16,17/04/22,400
TOBACCO,400,CIGARETTES/ TOBACCO,299,CIGARETTES,89,LAMBERT & BUT KING 715 20PK,5010813814416,9,23.00,112.29,10,11.230,15.00,12.20,7.95,20/04/22,JOHN PLAYER & SON,21415,09/01/22,VALUE CENTER,639195,In Progress,10/05/16,04/04/22,400
TOBACCO,400,CIGARETTES/ TOBACCO,299,CIGARETTES,89,MAJOR 25PK,96135914,7,23.00,112.56,8,14.070,18.90,15.37,8.46,24/04/22,P. J. CARROLL & CO,23290,13/04/22,P. J. CARROLL & CO,084231,In Progress,08/03/17,07/04/22,400
TOBACCO,400,CIGARETTES/ TOBACCO,299,CIGARETTES,89,MAJOR KS 20PK,96177785,0,23.00,100.90,10,10.090,13.50,10.98,8.11,08/10/21,General Supplier,2847,02/05/18,P. J. CARROLL & CO,048813,Received,19/04/18,09/10/19,400
TOBACCO,400,CIGARETTES/ TOBACCO,299,CIGARETTES,89,MARLBORO BRIGHT 20S 20PK,5060592004584,11,23.00,108.94,10,10.890,14.50,11.79,7.63,02/01/22,JAYMARK T&S PHILIP MORRIS,12785,14/09/20,VALUE CENTER,697329,Received,04/06/20,13/10/21,400
TOBACCO,400,CIGARETTES/ TOBACCO,299,CIGARETTES,89,MARLBORO GOLD 20PK,87248630,21,23.00,111.19,10,11.120,14.70,11.95,6.95,23/04/22,VALUE CENTER,23425,01/01/00,VALUE CENTER,653657,In Progress,10/05/16,22/03/22,400
TOBACCO,400,CIGARETTES/ TOBACCO,299,CIGARETTES,89,MARLBORO GOLD 27'S 27PK,5060592003228,14,23.00,112.25,8,14.030,18.50,15.04,6.72,23/04/22,VALUE CENTER,23425,01/01/00,VALUE CENTER,697328,In Progress,12/05/20,22/03/22,400
TOBACCO,400,CIGARETTES/ TOBACCO,299,CIGARETTES,89,MARLBORO GOLD SK 20S 20PK,40235257,7,23.00,110.09,10,11.010,14.70,11.95,7.87,18/04/22,JAYMARK T&S PHILIP MORRIS,20571,24/11/21,VALUE CENTER,158295,In Progress,09/06/18,13/10/21,400
TOBACCO,400,CIGARETTES/ TOBACCO,299,CIGARETTES,89,MARLBORO GOLD TOUCH 20PK,5060077782310,12,23.00,98.25,10,9.830,13.00,10.57,7.00,24/04/22,VALUE CENTER,23240,01/01/00,VALUE CENTER,653689,In Progress,10/05/16,22/03/22,400
TOBACCO,400,CIGARETTES/ TOBACCO,299,CIGARETTES,89,MARLBORO RED 20PK,87248777,19,23.00,111.19,10,11.120,14.70,11.95,6.95,24/04/22,VALUE CENTER,23425,01/01/00,VALUE CENTER,158253,In Progress,10/05/16,22/03/22,400
TOBACCO,400,CIGARETTES/ TOBACCO,299,CIGARETTES,89,MAYFAIR CHOICE RED&GREEN 20PK,53992390,7,23.00,98.47,10,9.850,13.50,10.98,10.29,18/04/22,JTI Ireland LTD.,21558,18/01/22,JTI Ireland LTD.,1112743,Received,04/08/20,28/02/22,400
TOBACCO,400,CIGARETTES/ TOBACCO,299,CIGARETTES,89,MAYFAIR KINGSIZE ORIGINAL 20PK,5011054100009,7,23.00,101.85,10,10.190,13.60,11.06,7.87,23/04/22,JTI Ireland LTD.,23288,13/04/22,JTI Ireland LTD.,1100016,In Progress,10/06/16,01/04/22,400
TOBACCO,400,CIGARETTES/ TOBACCO,299,CIGARETTES,89,MAYFAIR KINGSIZE SMOOTH 20PK,5011054100030,13,23.00,101.85,10,10.190,13.60,11.06,7.87,19/04/22,JTI Ireland LTD.,23425,01/01/00,VALUE CENTER,672841,In Progress,10/05/16,16/03/22,400
TOBACCO,400,CIGARETTES/ TOBACCO,299,CIGARETTES,89,MAYFAIR MEGABOX 33'S 33PK,53992321,3,23.00,129.20,8,16.150,21.50,17.48,7.61,16/04/22,JTI Ireland LTD.,21179,24/12/21,JTI Ireland LTD.,1113221,In Progress,15/02/21,14/10/21,400
TOBACCO,400,CIGARETTES/ TOBACCO,299,CIGARETTES,89,MAYFAIR ORIGINAL 27'S 27PK,53992451,3,23.00,101.87,8,12.730,17.00,13.82,7.89,25/03/22,JTI Ireland LTD.,18080,01/07/21,JTI Ireland LTD.,1992468,Received,05/01/20,14/10/21,400
TOBACCO,400,CIGARETTES/ TOBACCO,299,CIGARETTES,89,MAYFAIR ORIGINAL SK  26'S 26PK,53992239,4,23.00,103.21,8,12.900,17.00,13.82,6.66,20/04/22,VALUE CENTER,23382,01/01/00,VALUE CENTER,703752,Received,15/12/21,17/04/22,400
TOBACCO,400,CIGARETTES/ TOBACCO,299,CIGARETTES,89,MAYFAIR S KINGS ORGINAL 20PK,5011054100139,20,23.00,101.85,10,10.190,13.60,11.06,7.87,23/04/22,JTI Ireland LTD.,23425,01/01/00,VALUE CENTER,674928,In Progress,10/05/16,22/03/22,400
TOBACCO,400,CIGARETTES/ TOBACCO,299,CIGARETTES,89,MAYFAIR S/KING SKY BLUE 20 S,5011054100160,18,23.00,101.85,10,10.190,13.60,11.06,7.87,22/04/22,JTI Ireland LTD.,23425,01/01/00,VALUE CENTER,674925,In Progress,10/05/16,01/04/22,400
TOBACCO,400,CIGARETTES/ TOBACCO,299,CIGARETTES,89,MAYFAIR SEA GREEN 20PK,53992376,14,23.00,101.85,10,10.190,13.60,11.06,7.87,23/04/22,JTI Ireland LTD.,23425,01/01/00,VALUE CENTER,697219,In Progress,07/05/20,19/04/22,400
TOBACCO,400,CIGARETTES/ TOBACCO,299,CIGARETTES,89,MAYFAIR SEA GREEN SKING 20PK,53992369,14,23.00,101.85,10,10.190,13.60,11.06,7.87,24/04/22,JTI Ireland LTD.,23425,01/01/00,VALUE CENTER,697221,In Progress,11/05/20,19/04/22,400
TOBACCO,400,CIGARETTES/ TOBACCO,299,CIGARETTES,89,MAYFAIR SK ORIGINAL 27'S 27PK,53992444,0,23.00,101.87,8,12.730,17.00,13.82,7.89,03/01/22,JTI Ireland LTD.,20890,09/12/21,JTI Ireland LTD.,1992482,In Progress,29/11/19,09/11/21,400
TOBACCO,400,CIGARETTES/ TOBACCO,299,CIGARETTES,89,PALL MALL FLOW KS BLUE 20PK,96191477,9,23.00,100.80,10,10.080,13.60,11.06,8.86,22/04/22,P. J. CARROLL & CO,23168,07/04/22,P. J. CARROLL & CO,084958,Received,20/05/20,07/04/22,400
TOBACCO,400,CIGARETTES/ TOBACCO,299,CIGARETTES,89,PALL MALL FLOW KS RED 20PK,96191453,36,23.00,100.80,10,10.080,13.60,11.06,8.86,23/04/22,P. J. CARROLL & CO,23290,13/04/22,P. J. CARROLL & CO,084910,In Progress,20/05/20,07/04/22,400
TOBACCO,400,CIGARETTES/ TOBACCO,299,CIGARETTES,89,PALL MALL FLOW SK BLUE 20PK,96191484,18,23.00,100.80,10,10.080,13.60,11.06,8.86,23/04/22,P. J. CARROLL & CO,23290,13/04/22,P. J. CARROLL & CO,084972,In Progress,21/05/20,07/04/22,400
TOBACCO,400,CIGARETTES/ TOBACCO,299,CIGARETTES,89,PALL MALL FLOW SK RED 20PK,96191460,13,23.00,100.80,10,10.080,13.60,11.06,8.86,24/04/22,P. J. CARROLL & CO,23290,13/04/22,P. J. CARROLL & CO,084934,In Progress,13/05/20,07/04/22,400
TOBACCO,400,CIGARETTES/ TOBACCO,299,CIGARETTES,89,PALL MALL KS BLUE XL 30PK,96184585,13,23.00,108.56,8,13.570,17.80,14.47,6.22,23/04/22,VALUE CENTER,23382,01/01/00,VALUE CENTER,693846,Received,05/10/19,17/04/22,400
TOBACCO,400,CIGARETTES/ TOBACCO,299,CIGARETTES,89,PALL MALL KS RED XL 30PK,96184578,16,23.00,108.56,8,13.570,17.80,14.47,6.22,23/04/22,VALUE CENTER,23425,01/01/00,VALUE CENTER,693845,In Progress,03/07/19,17/04/22,400
TOBACCO,400,CIGARETTES/ TOBACCO,299,CIGARETTES,89,PALL MALL SHIFT KS 20PK,96191491,16,23.00,100.80,10,10.080,13.60,11.06,8.86,23/04/22,P. J. CARROLL & CO,23290,13/04/22,P. J. CARROLL & CO,084996,In Progress,08/05/20,07/04/22,400
TOBACCO,400,CIGARETTES/ TOBACCO,299,CIGARETTES,89,PLAYERS NAVY CUT 20S 20PK,4030600178973,8,23.00,116.57,10,11.660,15.60,12.68,8.04,19/04/22,JOHN PLAYER & SON,22764,23/03/22,JOHN PLAYER & SON,A49,Received,13/11/16,04/04/22,400
TOBACCO,400,CIGARETTES/ TOBACCO,299,CIGARETTES,89,ROTHMANS KS ORIGINAL 20PK,96136003,20,23.00,115.02,10,11.500,15.50,12.60,8.73,21/04/22,P. J. CARROLL & CO,23290,13/04/22,P. J. CARROLL & CO,084392,In Progress,30/09/16,07/04/22,400
TOBACCO,400,CIGARETTES/ TOBACCO,299,CIGARETTES,89,SIGNATURE ACTION CIGARILL 10,87355482,6,23.00,46.95,10,4.700,6.45,5.24,10.31,12/03/22,JOHN PLAYER & SON,21556,18/01/22,JOHN PLAYER & SON,B54,Received,01/11/20,04/04/22,400
TOBACCO,400,CIGARETTES/ TOBACCO,299,CIGARETTES,89,SILK CUT BLU K SIZE 20PK 20PK,5011054109200,32,23.00,114.65,10,11.470,15.30,12.44,7.80,23/04/22,JTI Ireland LTD.,23425,01/01/00,VALUE CENTER,107144,In Progress,10/05/16,19/04/22,400
TOBACCO,400,CIGARETTES/ TOBACCO,299,CIGARETTES,89,SILK CUT BLUE 100'S 20PK,5011054105202,9,23.00,114.65,10,11.470,15.30,12.44,7.80,17/04/22,JTI Ireland LTD.,22760,22/03/22,JTI Ireland LTD.,1105219,Received,10/05/16,22/03/22,400
TOBACCO,400,CIGARETTES/ TOBACCO,299,CIGARETTES,89,SILK CUT BLUE 27'S 27PK,53992338,4,23.00,117.18,8,14.650,19.50,15.85,7.57,23/04/22,JTI Ireland LTD.,21179,24/12/21,JTI Ireland LTD.,1113283,In Progress,11/01/21,27/10/21,400
TOBACCO,400,CIGARETTES/ TOBACCO,299,CIGARETTES,89,SILK CUT BLUE BIG BX 23'S 23PK,5011054100801,7,23.00,102.07,8,12.760,17.00,13.82,7.67,22/04/22,JTI Ireland LTD.,22760,22/03/22,JTI Ireland LTD.,1100818,Received,26/05/16,22/03/22,400
TOBACCO,400,CIGARETTES/ TOBACCO,299,CIGARETTES,89,SILK CUT CHOICE GREEN 20PK,53992383,31,23.00,114.65,10,11.470,15.30,12.44,7.80,24/04/22,JTI Ireland LTD.,23425,01/01/00,VALUE CENTER,697222,In Progress,18/05/20,19/04/22,400
TOBACCO,400,CIGARETTES/ TOBACCO,299,CIGARETTES,89,SILK CUT CHOICE GRN SLINE 20PK,53992413,0,23.00,109.03,10,10.900,14.50,11.79,7.55,01/10/21,JTI Ireland LTD.,19324,09/09/21,JTI Ireland LTD.,1112729,Received,27/04/20,13/10/21,400
TOBACCO,400,CIGARETTES/ TOBACCO,299,CIGARETTES,89,SILK CUT CHOICE SUPER GRN 20PK,53992253,18,23.00,111.04,10,11.100,14.80,12.03,7.73,23/04/22,JTI Ireland LTD.,23425,01/01/00,VALUE CENTER,702926,In Progress,30/09/21,16/03/22,400
TOBACCO,400,CIGARETTES/ TOBACCO,299,CIGARETTES,89,SILK CUT PURP BIG BX 23'S 23PK,5011054100764,7,23.00,102.07,8,12.760,17.00,13.82,7.67,23/04/22,JTI Ireland LTD.,23288,13/04/22,JTI Ireland LTD.,1100771,In Progress,13/06/16,16/03/22,400
TOBACCO,400,CIGARETTES/ TOBACCO,299,CIGARETTES,89,SILK CUT PURPLE 100'S 20PK,5011054101204,11,23.00,114.65,10,11.470,15.30,12.44,7.80,24/04/22,JTI Ireland LTD.,23425,01/01/00,VALUE CENTER,107094,In Progress,10/05/16,19/04/22,400
TOBACCO,400,CIGARETTES/ TOBACCO,299,CIGARETTES,89,SILK CUT PURPLE 27'S 27PK,53992345,8,23.00,118.35,8,14.790,19.50,15.85,6.69,22/04/22,VALUE CENTER,23382,01/01/00,VALUE CENTER,699672,Received,18/01/21,17/04/22,400
TOBACCO,400,CIGARETTES/ TOBACCO,299,CIGARETTES,89,SILK CUT PURPLE KING 20PK,5011054108203,45,23.00,114.65,10,11.470,15.30,12.44,7.80,24/04/22,JTI Ireland LTD.,23425,01/01/00,VALUE CENTER,107136,In Progress,10/05/16,19/04/22,400
TOBACCO,400,CIGARETTES/ TOBACCO,299,CIGARETTES,89,SILK CUT RED 20'S 20PK,5011054102201,14,23.00,114.65,10,11.470,15.30,12.44,7.80,23/10/21,JTI Ireland LTD.,21415,09/01/22,VALUE CENTER,107110,In Progress,10/05/16,28/02/22,400
TOBACCO,400,CIGARETTES/ TOBACCO,299,CIGARETTES,89,SILK CUT SILV 100S 20PK 20PK,5011054123206,12,23.00,114.65,10,11.470,15.30,12.44,7.80,24/03/22,JTI Ireland LTD.,22395,02/03/22,JTI Ireland LTD.,1123213,Received,10/05/16,02/03/22,400
TOBACCO,400,CIGARETTES/ TOBACCO,299,CIGARETTES,89,SILK CUT SILV K SIZE 20P 20PK,5011054112200,13,23.00,114.65,10,11.470,15.30,12.44,7.80,23/04/22,JTI Ireland LTD.,23425,01/01/00,VALUE CENTER,329706,In Progress,10/05/16,19/04/22,400
TOBACCO,400,CIGARETTES/ TOBACCO,299,CIGARETTES,89,SUPERKING BLACK 20PK,4030600282953,28,23.00,112.70,10,11.270,15.10,12.28,8.22,22/04/22,JOHN PLAYER & SON,23295,01/01/00,VALUE CENTER,702523,Sent,06/07/21,04/04/22,400
TOBACCO,400,CIGARETTES/ TOBACCO,299,CIGARETTES,89,SUPERKINGS 20PK 20PK,50432219,20,23.00,110.81,10,11.080,14.80,12.03,7.90,03/07/21,JOHN PLAYER & SON,23425,01/01/00,VALUE CENTER,653658,In Progress,10/05/16,19/04/22,400
TOBACCO,400,CIGARETTES/ TOBACCO,299,CIGARETTES,89,SUPERKINGS BRIGHT 100'S 20PK,50432226,0,23.00,110.81,10,11.080,14.80,12.03,7.90,24/02/22,JOHN PLAYER & SON,18894,17/08/21,JOHN PLAYER & SON,108,Received,10/05/16,13/10/21,400
TOBACCO,400,CIGARETTES/ TOBACCO,299,CIGARETTES,89,SUPERKINGS BRIGHT 20PK,4030600282984,1,23.00,112.70,10,11.270,15.10,12.28,8.22,22/04/22,JOHN PLAYER & SON,21989,09/02/22,JOHN PLAYER & SON,B61,Received,09/11/21,04/04/22,400
TOBACCO,400,CIGARETTES/ TOBACCO,299,CIGARETTES,89,VOGUE COMPACT BLEUE 20PK,96191446,0,23.00,104.33,10,10.430,13.80,11.22,7.04,24/03/22,VALUE CENTER,22496,08/03/22,VALUE CENTER,697432,Received,26/06/20,08/03/22,400
TOBACCO,400,CIGARETTES/ TOBACCO,299,CIGARETTES,89,VOGUE ESSENCE BLEUE 20PK,96136010,1,23.00,113.15,10,11.320,15.00,12.20,7.21,23/04/22,VALUE CENTER,23382,01/01/00,VALUE CENTER,687042,Received,29/03/17,17/04/22,400
TOBACCO,400,CIGARETTES/ TOBACCO,299,CIGARS,11,AGIO F/TIP / BOTTLE OPEN 5PK,8710622513704,9,23.00,81.80,20,4.090,5.70,4.63,11.66,16/04/22,AMPERSAND (TDL),11827,13/07/20,VALUE CENTER,158329,Received,10/05/16,18/04/22,400
TOBACCO,400,CIGARETTES/ TOBACCO,299,CIGARS,11,CAFE CRÃˆME SIGNATURE 10PK,8720400000210,0,23.00,55.74,10,5.570,7.75,6.30,11.59,29/10/21,JOHN PLAYER & SON,19864,14/10/21,VALUE CENTER,698717,In Progress,10/05/16,04/04/22,400
TOBACCO,400,CIGARETTES/ TOBACCO,299,CIGARS,11,CAFE CREME SIGNATURE BLUE 10PK,8720400000425,20,23.00,55.66,10,5.570,7.75,6.30,11.59,01/03/20,JOHN PLAYER & SON,18576,29/07/21,VALUE CENTER,106765,Received,10/05/16,04/04/22,400
TOBACCO,400,CIGARETTES/ TOBACCO,299,CIGARS,11,CAFE CREME SIGNATURE TIPP 10PK,8720400010240,6,23.00,57.88,10,5.790,8.10,6.59,12.14,16/03/22,JOHN PLAYER & SON,22254,23/02/22,JOHN PLAYER & SON,405,Received,10/05/16,04/04/22,400
TOBACCO,400,CIGARETTES/ TOBACCO,299,CIGARS,11,H WINTER 1/2 COR 5PK 5PK,8720400010820,0,23.00,50.12,5,10.020,14.15,11.50,12.87,22/08/20,JOHN PLAYER & SON,11827,13/07/20,VALUE CENTER,658461,Received,10/05/16,04/04/22,400
TOBACCO,400,CIGARETTES/ TOBACCO,299,CIGARS,11,HAMLET CIGAR 10PK,50143856,11,23.00,110.03,10,11.000,15.90,12.93,14.93,26/12/21,JTI Ireland LTD.,21179,24/12/21,JTI Ireland LTD.,1415520,In Progress,10/05/16,28/02/22,400
TOBACCO,400,CIGARETTES/ TOBACCO,299,CIGARS,11,HAMLET CIGAR 5 PK,5011054262103,13,23.00,113.03,20,5.650,8.20,6.67,15.29,17/04/22,JTI Ireland LTD.,20107,27/10/21,JTI Ireland LTD.,1262110,Received,10/05/16,28/02/22,400
TOBACCO,400,CIGARETTES/ TOBACCO,299,CIGARS,11,RITMEESTER HALF CORONA 5 5PK,8710568641004,0,23.00,48.29,5,9.660,13.50,10.98,12.02,09/09/15,THE VENDING COMPANY (TVL) LTD,,,,,,10/05/16,15/10/21,400
TOBACCO,400,CIGARETTES/ TOBACCO,299,CIGARS,11,RITMEESTER MINI MOODS 10PK,8710568050035,0,23.00,42.02,10,4.200,5.90,4.80,12.50,07/01/15,THE VENDING COMPANY (TVL) LTD,,,,,,10/05/16,15/10/21,400
TOBACCO,400,CIGARETTES/ TOBACCO,299,CIGARS,11,RITMEESTER PIKEUR 5PK,8710568371000,0,23.00,72.68,10,7.270,10.00,8.13,10.58,07/09/18,THE VENDING COMPANY (TVL) LTD,,,,,,10/05/16,15/10/21,400
TOBACCO,400,CIGARETTES/ TOBACCO,299,CIGARS,11,RITMEESTER TIP 5PK X 10,8710568091007,0,23.00,35.98,10,3.600,5.10,4.15,13.25,24/08/18,THE VENDING COMPANY (TVL) LTD,,,,,,10/05/16,15/10/21,400
TOBACCO,400,CIGARETTES/ TOBACCO,299,E CIG & VAPE ACCESSORIES,8,ASPIRE CLEAROMIZER COIL 5PK,6958947110600,0,23.00,9.15,1,9.150,15.00,12.20,25.00,,General Supplier,,,,,,13/05/20,20/07/21,400
TOBACCO,400,CIGARETTES/ TOBACCO,299,E CIG & VAPE ACCESSORIES,8,CIRRO 2 STARTER KIT,5060545272473,-2,23.00,58.54,6,9.760,20.00,16.26,39.98,09/10/21,General Supplier,,,,,,25/07/18,15/07/19,400
TOBACCO,400,CIGARETTES/ TOBACCO,299,E CIG & VAPE ACCESSORIES,8,ELF BAR WATERMELON,6939287959425,-213,23.00,4.55,1,4.550,8.00,6.50,30.00,24/04/22,TYCO WHOLESALE  DIST LTD,,,,,,03/02/22,22/02/22,400
TOBACCO,400,CIGARETTES/ TOBACCO,299,E CIG & VAPE ACCESSORIES,8,LOGIC COMPACT DEVICE BLK,5011054105554,-14,23.00,36.57,4,9.140,14.75,11.99,23.77,19/03/22,General Supplier,,,,,,27/03/20,18/01/21,400
TOBACCO,400,CIGARETTES/ TOBACCO,299,E CIG & VAPE ACCESSORIES,8,LOGIC LQD REPLACE ATOMISE,5011054101372,-6,23.00,30.49,5,6.100,10.00,8.13,24.97,10/10/21,General Supplier,,,,,,03/03/17,01/03/21,400
TOBACCO,400,CIGARETTES/ TOBACCO,299,E CIG & VAPE ACCESSORIES,8,VYPE EPEN3 START KIT 12MG,5000393168184,-20,23.00,19.52,4,4.880,10.00,8.13,39.98,27/08/21,General Supplier,6588,08/05/19,P. J. CARROLL & CO,168191,Received,30/01/19,10/09/20,400
TOBACCO,400,CIGARETTES/ TOBACCO,299,E CIG & VAPE ACCESSORIES,8,VYPE EPOD GRAPHITE BLACK,5000393368089,-4,23.00,12.20,5,2.440,5.00,4.07,40.05,01/08/21,General Supplier,,,,,,02/04/21,02/04/21,400
TOBACCO,400,CIGARETTES/ TOBACCO,299,E CIG & VAPE ACCESSORIES,8,VYPE EPOD GRAPHITE GOLD,5000393368119,-18,23.00,12.20,5,2.440,5.00,4.07,40.05,11/12/21,General Supplier,,,,,,05/05/21,05/05/21,400
TOBACCO,400,CIGARETTES/ TOBACCO,299,E CIGARETTES,1,ELF BAR ENERGY ICE ,6939287959371,-54,23.00,4.55,1,4.550,8.00,6.50,30.00,22/04/22,General Supplier,,,,,,03/02/22,03/02/22,400
TOBACCO,400,CIGARETTES/ TOBACCO,299,STARTER KITS,1,LOGIC COMP MULTI  MENT KT 12MG,5011054112873,-4,23.00,48.78,4,12.200,20.00,16.26,24.97,11/08/21,General Supplier,15967,10/03/21,JTI Ireland LTD.,1112880,Received,05/09/20,10/03/21,400
TOBACCO,400,CIGARETTES/ TOBACCO,299,TOBACCO,17,AMBER LEAF BLOND BOX 30G,5011054102386,3,23.00,98.35,6,16.390,22.00,17.89,8.38,03/04/22,JTI Ireland LTD.,22129,17/02/22,JTI Ireland LTD.,1102393,Received,31/05/17,28/02/22,400
TOBACCO,400,CIGARETTES/ TOBACCO,299,TOBACCO,17,AMBER LEAF BLOND POUC 30G,5011054101464,2,23.00,80.29,5,16.060,21.50,17.48,8.12,23/04/22,JTI Ireland LTD.,23425,01/01/00,VALUE CENTER,680670,In Progress,03/02/17,01/04/22,400
TOBACCO,400,CIGARETTES/ TOBACCO,299,TOBACCO,17,AMBER LEAF ORIG BOX 30G,5011054101433,10,23.00,98.35,6,16.390,22.00,17.89,8.38,23/04/22,JTI Ireland LTD.,23425,01/01/00,VALUE CENTER,681810,In Progress,05/07/17,01/04/22,400
TOBACCO,400,CIGARETTES/ TOBACCO,299,TOBACCO,17,AMBER LEAF ORIG POUCH 30G,5011054356437,41,23.00,80.29,5,16.060,21.50,17.48,8.12,23/04/22,JTI Ireland LTD.,23425,01/01/00,VALUE CENTER,675868,In Progress,10/05/16,01/04/22,400
TOBACCO,400,CIGARETTES/ TOBACCO,299,TOBACCO,17,AMERICAN SPIRIT ORG BLEND 30G,5011054102416,0,23.00,83.20,5,16.640,22.50,18.29,9.02,01/11/19,JTI Ireland LTD.,6458,26/04/19,JTI Ireland LTD.,1102423,Received,24/07/17,02/03/22,400
TOBACCO,400,CIGARETTES/ TOBACCO,299,TOBACCO,17,BENSON & HEDGES SPC VIRGI 25G,5011054102294,10,23.00,115.84,10,11.580,16.00,13.01,10.99,03/04/22,JTI Ireland LTD.,23289,13/04/22,VALUE CENTER,688118,In Progress,24/05/17,28/02/22,400
TOBACCO,400,CIGARETTES/ TOBACCO,299,TOBACCO,17,CLAN PIPE TOBACCO 25G,5712341136144,3,23.00,60.00,5,12.000,16.75,13.62,11.89,13/11/21,PETERSON of DUBLIN,14188,30/11/20,VALUE CENTER,661895,Received,03/03/20,09/01/22,400
TOBACCO,400,CIGARETTES/ TOBACCO,299,TOBACCO,17,CUTTERS CHOICE RYO 30G,96136058,8,23.00,86.68,6,14.450,19.60,15.93,9.29,17/04/22,P. J. CARROLL & CO,23425,01/01/00,VALUE CENTER,687035,In Progress,19/10/16,19/04/22,400
TOBACCO,400,CIGARETTES/ TOBACCO,299,TOBACCO,17,DRUM BRIGHT BLUE TOBACCO 30G,4030700111290,19,23.00,79.02,5,15.800,21.30,17.32,8.78,23/04/22,JOHN PLAYER & SON,23425,01/01/00,VALUE CENTER,680669,In Progress,13/01/17,06/04/22,400
TOBACCO,400,CIGARETTES/ TOBACCO,299,TOBACCO,17,DRUM THE ORIGINAL TOBACCO 30G,4030700111269,0,23.00,79.02,5,15.800,21.30,17.32,8.78,22/04/22,JOHN PLAYER & SON,23287,13/04/22,JOHN PLAYER & SON,A54,In Progress,13/01/17,06/04/22,400
TOBACCO,400,CIGARETTES/ TOBACCO,299,TOBACCO,17,GOLDEN VIRG BRIGHT YEL 30 30G,4030700118046,7,23.00,75.00,5,15.000,20.20,16.42,8.65,18/04/22,JOHN PLAYER & SON,23425,01/01/00,VALUE CENTER,685736,In Progress,22/12/17,04/04/22,400
TOBACCO,400,CIGARETTES/ TOBACCO,299,TOBACCO,17,GOLDEN VIRG ORIG TOBACCO 30G,4030700111443,11,23.00,78.15,5,15.630,21.10,17.15,8.86,22/04/22,JOHN PLAYER & SON,23425,01/01/00,VALUE CENTER,680156,In Progress,12/11/16,06/04/22,400
TOBACCO,400,CIGARETTES/ TOBACCO,299,TOBACCO,17,JPS BLUE 30G VOLUME TOBAC,4030700111351,4,23.00,74.05,5,14.810,20.00,16.26,8.92,30/03/22,JOHN PLAYER & SON,22660,16/03/22,JOHN PLAYER & SON,A50,Received,02/01/17,04/04/22,400
TOBACCO,400,CIGARETTES/ TOBACCO,299,TOBACCO,17,JPS BLUE TOBACCO 30G,4030700111412,1,23.00,79.02,5,15.800,21.30,17.32,8.78,27/02/22,JOHN PLAYER & SON,21898,04/02/22,BWG FOODS,681611,In Progress,15/03/17,04/04/22,400
TOBACCO,400,CIGARETTES/ TOBACCO,299,TOBACCO,17,JPS SILVER 30G VOLUME TOB,4030700111382,2,23.00,74.05,5,14.810,20.00,16.26,8.92,16/04/22,JOHN PLAYER & SON,22660,16/03/22,JOHN PLAYER & SON,A51,Received,06/02/17,04/04/22,400
TOBACCO,400,CIGARETTES/ TOBACCO,299,TOBACCO,17,OLD HOLBORN ORIG 30G POUC,5011054102003,7,23.00,83.69,5,16.740,22.50,18.29,8.47,31/01/22,JTI Ireland LTD.,21991,09/02/22,JTI Ireland LTD.,1102010,Received,06/02/17,28/02/22,400
TOBACCO,400,CIGARETTES/ TOBACCO,299,TOBACCO,17,RIVERSTONE E/ROLL TOBACCO 30G,4030700124641,3,23.00,70.89,5,14.180,19.20,15.61,9.16,23/04/22,JOHN PLAYER & SON,22660,16/03/22,JOHN PLAYER & SON,A72,Received,27/02/19,04/04/22,400
TOBACCO,400,CIGARETTES/ TOBACCO,299,VAPE LIQUIDS,165,BUBBLE GUM ELIQUID 12MG,5391519812488,-34,23.00,2.30,1,2.300,5.00,4.07,43.49,26/02/22,TYCO WHOLESALE  DIST LTD,,,,,,10/07/20,10/07/20,400
TOBACCO,400,CIGARETTES/ TOBACCO,299,VAPE LIQUIDS,165,BUBBLE GUM ELIQUID 18MG,5391519812495,-45,23.00,2.30,1,2.300,5.00,4.07,43.49,22/04/22,TYCO WHOLESALE  DIST LTD,,,,,,31/07/20,31/07/20,400
TOBACCO,400,CIGARETTES/ TOBACCO,299,VAPE LIQUIDS,165,BUBBLE GUM ELIQUID 6MG,5391519812419,-26,23.00,2.30,1,2.300,5.00,4.07,43.49,07/04/22,TYCO WHOLESALE  DIST LTD,,,,,,16/11/20,16/11/20,400
TOBACCO,400,CIGARETTES/ TOBACCO,299,VAPE LIQUIDS,165,CIRRO 20:80 REG TOBAC 11M,5060545272404,-27,23.00,17.56,8,2.200,4.50,3.66,39.89,10/11/21,General Supplier,8029,18/09/19,P. J. CARROLL & CO,272541,Received,25/07/18,19/04/21,400
TOBACCO,400,CIGARETTES/ TOBACCO,299,VAPE LIQUIDS,165,CIRRO 20:80 UTTERLY MENTH 11MG,5060545272428,-118,23.00,17.56,8,2.200,4.50,3.66,39.89,29/06/21,General Supplier,8029,18/09/19,P. J. CARROLL & CO,272565,Received,25/07/18,18/09/19,400
TOBACCO,400,CIGARETTES/ TOBACCO,299,VAPE LIQUIDS,165,CIRRO 30:70 STRAWB SEN 11 11MG,5060545272381,-19,23.00,17.56,8,2.200,4.50,3.66,39.89,21/04/22,General Supplier,7358,12/07/19,P. J. CARROLL & CO,272527,Received,25/07/18,12/07/19,400
TOBACCO,400,CIGARETTES/ TOBACCO,299,VAPE LIQUIDS,165,CIRRO 50:50 CHERRY BLAST,5060545272480,-15,23.00,17.56,8,2.200,4.50,3.66,39.89,15/04/22,General Supplier,7358,12/07/19,P. J. CARROLL & CO,272589,Received,25/07/18,04/05/21,400
TOBACCO,400,CIGARETTES/ TOBACCO,299,VAPE LIQUIDS,165,CIRRO 50:50 UTT MENTHOL 6MG,5060545274415,-63,23.00,17.56,8,2.200,4.50,3.66,39.89,09/11/21,General Supplier,,,,,,15/02/20,15/02/20,400
TOBACCO,400,CIGARETTES/ TOBACCO,299,VAPE LIQUIDS,165,CIRRO BLUEBERRY 6MG,5060545274408,-16,23.00,9.76,4,2.440,5.00,4.07,40.05,17/04/22,P. J. CARROLL & CO,,,,,,03/04/21,04/04/22,400
TOBACCO,400,CIGARETTES/ TOBACCO,299,VAPE LIQUIDS,165,CIRRO CHERRY BLAST 12MG,5000393367044,-1,23.00,9.76,4,2.440,5.00,4.07,40.05,21/03/22,P. J. CARROLL & CO,19053,25/08/21,P. J. CARROLL & CO,367051,Received,25/08/21,04/04/22,400
TOBACCO,400,CIGARETTES/ TOBACCO,299,VAPE LIQUIDS,165,CIRRO REG TOBAC 12MG,5000393199881,-17,23.00,9.76,4,2.440,5.00,4.07,40.05,08/04/22,P. J. CARROLL & CO,19053,25/08/21,P. J. CARROLL & CO,199898,Received,30/06/21,04/04/22,400
TOBACCO,400,CIGARETTES/ TOBACCO,299,VAPE LIQUIDS,165,CIRRO REG TOBAC 18MG,5060545272411,-5,23.00,9.76,4,2.440,5.00,4.07,40.05,23/04/22,P. J. CARROLL & CO,,,,,,25/07/18,04/04/22,400
TOBACCO,400,CIGARETTES/ TOBACCO,299,VAPE LIQUIDS,165,CIRRO REG TOBAC 6MG,5060545274439,-11,23.00,9.76,4,2.440,5.00,4.07,40.05,23/04/22,P. J. CARROLL & CO,,,,,,18/03/21,04/04/22,400
TOBACCO,400,CIGARETTES/ TOBACCO,299,VAPE LIQUIDS,165,CIRRO STRAWB SEN 6MG,5060545274446,-13,23.00,9.76,4,2.440,5.00,4.07,40.05,15/02/22,P. J. CARROLL & CO,19053,25/08/21,P. J. CARROLL & CO,367143,Received,03/04/21,04/04/22,400
TOBACCO,400,CIGARETTES/ TOBACCO,299,VAPE LIQUIDS,165,CIRRO UTTER MENTHOL 12MG,5000393367198,-12,23.00,9.76,4,2.440,5.00,4.07,40.05,09/04/22,P. J. CARROLL & CO,23168,07/04/22,P. J. CARROLL & CO,367204,Received,30/06/21,07/04/22,400
TOBACCO,400,CIGARETTES/ TOBACCO,299,VAPE LIQUIDS,165,CIRRO UTTER MENTHOL 18MG,5060545272435,-49,23.00,9.76,4,2.440,5.00,4.07,40.05,23/04/22,P. J. CARROLL & CO,23015,31/03/22,P. J. CARROLL & CO,367297,Received,25/07/18,04/04/22,400
TOBACCO,400,CIGARETTES/ TOBACCO,299,VAPE LIQUIDS,165,CIRRO UTTER MENTHOL 6MG,5060545274279,14,23.00,9.76,4,2.440,5.00,4.07,40.05,17/04/22,P. J. CARROLL & CO,23015,31/03/22,P. J. CARROLL & CO,199867,Received,30/06/21,04/04/22,400
TOBACCO,400,CIGARETTES/ TOBACCO,299,VAPE LIQUIDS,165,CIRRO50:50 FGROUND FIZZ 6 6MG,5060545272459,-6,23.00,19.51,8,2.440,5.00,4.07,40.05,01/04/22,General Supplier,8029,18/09/19,P. J. CARROLL & CO,272602,Received,25/07/18,22/09/21,400
TOBACCO,400,CIGARETTES/ TOBACCO,299,VAPE LIQUIDS,165,CIRRO50:50 MIXOLOGY 6MG,5060545272442,-5,23.00,19.51,8,2.440,5.00,4.07,40.05,21/02/22,General Supplier,8029,18/09/19,P. J. CARROLL & CO,272596,Received,25/07/18,11/02/21,400
TOBACCO,400,CIGARETTES/ TOBACCO,299,VAPE LIQUIDS,165,HALE APPLE E-LIQUID 12MG,0799439432093,-96,23.00,2.30,1,2.300,5.00,4.07,43.49,19/04/22,TYCO WHOLESALE  DIST LTD,,,,,,21/09/17,20/03/19,400
TOBACCO,400,CIGARETTES/ TOBACCO,299,VAPE LIQUIDS,165,HALE APPLE E-LIQUID 18MG,0799439432109,-33,23.00,2.30,1,2.300,5.00,4.07,43.49,17/03/22,TYCO WHOLESALE  DIST LTD,,,,,,22/09/17,20/03/19,400
TOBACCO,400,CIGARETTES/ TOBACCO,299,VAPE LIQUIDS,165,HALE APPLE E-LIQUID 6MG,0799439432086,-98,23.00,2.30,1,2.300,5.00,4.07,43.49,23/04/22,TYCO WHOLESALE  DIST LTD,,,,,,20/09/17,20/03/19,400
TOBACCO,400,CIGARETTES/ TOBACCO,299,VAPE LIQUIDS,165,HALE BLACKFIRE E-LIQUID 6 6MG,0799439431287,-41,23.00,2.30,1,2.300,5.00,4.07,43.49,19/07/21,TYCO WHOLESALE  DIST LTD,,,,,,06/04/18,17/08/19,400
TOBACCO,400,CIGARETTES/ TOBACCO,299,VAPE LIQUIDS,165,HALE BLACKFIRE E-LIQUID14 18MG,0799439431300,-10,23.00,2.30,1,2.300,5.00,4.07,43.49,16/02/22,TYCO WHOLESALE  DIST LTD,,,,,,06/12/17,11/09/19,400
TOBACCO,400,CIGARETTES/ TOBACCO,299,VAPE LIQUIDS,165,HALE BLUEBERRY E-LIQUID 6 6MG,0799439431935,-52,23.00,2.30,1,2.300,5.00,4.07,43.49,18/04/22,TYCO WHOLESALE  DIST LTD,,,,,,19/09/17,20/03/19,400
TOBACCO,400,CIGARETTES/ TOBACCO,299,VAPE LIQUIDS,165,HALE BLUEBERRY E-LIQUID12 12MG,0799439431942,-31,23.00,2.30,1,2.300,5.00,4.07,43.49,11/04/22,TYCO WHOLESALE  DIST LTD,,,,,,24/09/17,20/03/19,400
TOBACCO,400,CIGARETTES/ TOBACCO,299,VAPE LIQUIDS,165,HALE BLUEBERRY E-LIQUID18 18MG,0799439431959,-15,23.00,2.30,1,2.300,5.00,4.07,43.49,28/01/22,TYCO WHOLESALE  DIST LTD,,,,,,22/09/17,20/03/19,400
TOBACCO,400,CIGARETTES/ TOBACCO,299,VAPE LIQUIDS,165,HALE COLA 6MG VAPING LIQUID 1X10ML,0799439431980,-2,23.00,2.30,1,2.300,5.00,4.07,43.49,24/04/22,General Supplier,,,,,,18/03/22,18/03/22,400
TOBACCO,400,CIGARETTES/ TOBACCO,299,VAPE LIQUIDS,165,HALE COLA ELIQUID 12MG,0799439431683,-20,23.00,2.30,1,2.300,5.00,4.07,43.49,18/03/22,TYCO WHOLESALE  DIST LTD,,,,,,13/08/20,13/08/20,400
TOBACCO,400,CIGARETTES/ TOBACCO,299,VAPE LIQUIDS,165,HALE COLA ELIQUID 18MG,0799439432000,-7,23.00,2.30,1,2.300,5.00,4.07,43.49,30/03/22,TYCO WHOLESALE  DIST LTD,,,,,,31/07/20,31/07/20,400
TOBACCO,400,CIGARETTES/ TOBACCO,299,VAPE LIQUIDS,165,HALE FLARE COIL 3PK,5391519812167,-5,23.00,4.23,1,4.230,8.00,6.50,34.92,23/02/22,TYCO WHOLESALE  DIST LTD,,,,,,08/04/21,08/04/21,400
TOBACCO,400,CIGARETTES/ TOBACCO,299,VAPE LIQUIDS,165,HALE FLARE KIT BLACK,6921426621270,-4,23.00,21.34,1,21.340,35.00,28.46,25.02,19/04/22,TYCO WHOLESALE  DIST LTD,,,,,,28/12/20,28/12/20,400
TOBACCO,400,CIGARETTES/ TOBACCO,299,VAPE LIQUIDS,165,HALE FLARE TANK SILVER 1KG,6921426621348,0,23.00,6.87,1,6.870,13.00,10.57,35.00,,TYCO WHOLESALE  DIST LTD,,,,,,08/03/22,08/03/22,400
TOBACCO,400,CIGARETTES/ TOBACCO,299,VAPE LIQUIDS,165,HALE GO MENTHOL 12MG 2PK,5391519817544,0,23.00,4.87,1,4.870,8.00,6.50,25.08,,TYCO WHOLESALE  DIST LTD,,,,,,08/03/22,08/03/22,400
TOBACCO,400,CIGARETTES/ TOBACCO,299,VAPE LIQUIDS,165,HALE GO PLATINUM 12MG 2PK,5391519817575,0,23.00,4.87,1,4.870,8.00,6.50,25.08,,TYCO WHOLESALE  DIST LTD,,,,,,08/03/22,08/03/22,400
TOBACCO,400,CIGARETTES/ TOBACCO,299,VAPE LIQUIDS,165,HALE GO STWBERRY 12MG 2PK,5391519817483,0,23.00,4.87,1,4.870,8.00,6.50,25.08,,TYCO WHOLESALE  DIST LTD,,,,,,08/03/22,08/03/22,400
TOBACCO,400,CIGARETTES/ TOBACCO,299,VAPE LIQUIDS,165,HALE MANGO 6MG,0799439432482,-27,23.00,2.30,1,2.300,5.00,4.07,43.49,16/04/22,TYCO WHOLESALE  DIST LTD,,,,,,26/11/20,26/11/20,400
TOBACCO,400,CIGARETTES/ TOBACCO,299,VAPE LIQUIDS,165,HALE MANGO E LIQUID 12MG,0799439432499,-31,23.00,2.30,1,2.300,5.00,4.07,43.49,10/01/22,TYCO WHOLESALE  DIST LTD,,,,,,24/12/20,24/12/20,400
TOBACCO,400,CIGARETTES/ TOBACCO,299,VAPE LIQUIDS,165,HALE MANGO E LIQUID 18MG,0799439432505,-14,23.00,2.30,1,2.300,5.00,4.07,43.49,09/02/22,TYCO WHOLESALE  DIST LTD,,,,,,22/12/20,22/12/20,400
TOBACCO,400,CIGARETTES/ TOBACCO,299,VAPE LIQUIDS,165,HALE MENTHOL E-LIQU 12MG,0799439432543,-204,23.00,2.30,1,2.300,5.00,4.07,43.49,22/04/22,TYCO WHOLESALE  DIST LTD,,,,,,20/09/17,20/03/19,400
TOBACCO,400,CIGARETTES/ TOBACCO,299,VAPE LIQUIDS,165,HALE MENTHOL E-LIQU 18MG,0799439432550,-102,23.00,2.30,1,2.300,5.00,4.07,43.49,22/04/22,TYCO WHOLESALE  DIST LTD,,,,,,21/09/17,20/03/19,400
TOBACCO,400,CIGARETTES/ TOBACCO,299,VAPE LIQUIDS,165,HALE MENTHOL E-LIQU 6MG,0799439432536,-217,23.00,2.30,1,2.300,5.00,4.07,43.49,22/04/22,TYCO WHOLESALE  DIST LTD,,,,,,29/10/17,20/03/19,400
TOBACCO,400,CIGARETTES/ TOBACCO,299,VAPE LIQUIDS,165,HALE MINTED 12MG ELIQU,5391519814420,-53,23.00,2.30,1,2.300,5.00,4.07,43.49,20/01/22,TYCO WHOLESALE  DIST LTD,,,,,,09/07/20,09/07/20,400
TOBACCO,400,CIGARETTES/ TOBACCO,299,VAPE LIQUIDS,165,HALE MINTED 18MG ELIQUD,5391519814437,-8,23.00,2.30,1,2.300,5.00,4.07,43.49,25/01/22,TYCO WHOLESALE  DIST LTD,,,,,,01/05/21,01/05/21,400
TOBACCO,400,CIGARETTES/ TOBACCO,299,VAPE LIQUIDS,165,HALE MINTED 6MG ELIQU,5391519815137,-14,23.00,2.30,1,2.300,5.00,4.07,43.49,21/03/22,TYCO WHOLESALE  DIST LTD,,,,,,25/07/20,25/07/20,400
TOBACCO,400,CIGARETTES/ TOBACCO,299,VAPE LIQUIDS,165,HALE MINTED SPEARMNT 18MG,5391519815113,-1,23.00,2.30,1,2.300,5.00,4.07,43.49,07/01/22,TYCO WHOLESALE  DIST LTD,,,,,,07/01/22,07/01/22,400
TOBACCO,400,CIGARETTES/ TOBACCO,299,VAPE LIQUIDS,165,HALE PLATINUM E-LIQU 12MG,0799439431744,-57,23.00,2.30,1,2.300,5.00,4.07,43.49,25/03/22,TYCO WHOLESALE  DIST LTD,,,,,,14/05/18,20/03/19,400
TOBACCO,400,CIGARETTES/ TOBACCO,299,VAPE LIQUIDS,165,HALE PLATINUM E-LIQU 18MG,0799439431751,-78,23.00,2.30,1,2.300,5.00,4.07,43.49,05/03/22,TYCO WHOLESALE  DIST LTD,,,,,,19/10/17,20/03/19,400
TOBACCO,400,CIGARETTES/ TOBACCO,299,VAPE LIQUIDS,165,HALE PLATINUM E-LIQU 6MG,0799439431737,-42,23.00,2.30,1,2.300,5.00,4.07,43.49,23/04/22,TYCO WHOLESALE  DIST LTD,,,,,,20/09/17,20/03/19,400
TOBACCO,400,CIGARETTES/ TOBACCO,299,VAPE LIQUIDS,165,HALE RASPBERRY 18MG ELIQD,0799439432703,-3,23.00,2.30,1,2.300,5.00,4.07,43.49,30/03/22,TYCO WHOLESALE  DIST LTD,,,,,,24/02/21,24/02/21,400
TOBACCO,400,CIGARETTES/ TOBACCO,299,VAPE LIQUIDS,165,HALE RASPBERRY 6MG ELIQD,0799439432680,-10,23.00,2.30,1,2.300,5.00,4.07,43.49,18/03/22,TYCO WHOLESALE  DIST LTD,,,,,,29/01/21,29/01/21,400
TOBACCO,400,CIGARETTES/ TOBACCO,299,VAPE LIQUIDS,165,HALE ROLL BLEND E-LIQ18 18MG,0799439431454,-4,23.00,2.30,1,2.300,5.00,4.07,43.49,03/04/22,TYCO WHOLESALE  DIST LTD,,,,,,27/09/17,20/03/19,400
TOBACCO,400,CIGARETTES/ TOBACCO,299,VAPE LIQUIDS,165,HALE ROLL BLEND E-LIQU 12 12MG,0799439431447,-11,23.00,2.30,1,2.300,5.00,4.07,43.49,11/04/22,TYCO WHOLESALE  DIST LTD,,,,,,20/09/17,14/09/19,400
TOBACCO,400,CIGARETTES/ TOBACCO,299,VAPE LIQUIDS,165,HALE ROLL BLEND E-LIQU 6 6MG,0799439431430,-19,23.00,2.30,1,2.300,5.00,4.07,43.49,22/04/22,TYCO WHOLESALE  DIST LTD,,,,,,10/03/18,20/03/19,400
TOBACCO,400,CIGARETTES/ TOBACCO,299,VAPE LIQUIDS,165,HALE SAPPHIRE E-LIQUID 12 12MG,0799439431843,-9,23.00,2.30,1,2.300,5.00,4.07,43.49,18/03/22,TYCO WHOLESALE  DIST LTD,,,,,,19/05/18,20/03/19,400
TOBACCO,400,CIGARETTES/ TOBACCO,299,VAPE LIQUIDS,165,HALE SAPPHIRE E-LIQUID 18 18MG,0799439431850,-4,23.00,2.30,1,2.300,5.00,4.07,43.49,06/04/22,TYCO WHOLESALE  DIST LTD,,,,,,05/02/18,08/03/22,400
TOBACCO,400,CIGARETTES/ TOBACCO,299,VAPE LIQUIDS,165,HALE SAPPHIRE E-LIQUID 6 6MG,0799439431836,-55,23.00,2.30,1,2.300,5.00,4.07,43.49,17/04/22,TYCO WHOLESALE  DIST LTD,,,,,,20/09/17,20/03/19,400
TOBACCO,400,CIGARETTES/ TOBACCO,299,VAPE LIQUIDS,165,HALE SPEARMINT E LIQU 10ML,5391519815106,-22,23.00,2.30,1,2.300,5.00,4.07,43.49,06/02/22,TYCO WHOLESALE  DIST LTD,,,,,,15/07/20,15/07/20,400
TOBACCO,400,CIGARETTES/ TOBACCO,299,VAPE LIQUIDS,165,HALE SPEARMINT E-LIQUID 6MG,5391519815090,-60,23.00,2.30,1,2.300,5.00,4.07,43.49,27/11/21,TYCO WHOLESALE  DIST LTD,,,,,,31/07/20,31/07/20,400
TOBACCO,400,CIGARETTES/ TOBACCO,299,VAPE LIQUIDS,165,HALE STRWBERRY E-LIQUID 6 6MG,0799439432833,-94,23.00,2.30,1,2.300,5.00,4.07,43.49,19/04/22,TYCO WHOLESALE  DIST LTD,,,,,,10/11/17,20/03/19,400
TOBACCO,400,CIGARETTES/ TOBACCO,299,VAPE LIQUIDS,165,HALE STRWBERRY E-LIQUID12 12MG,0799439432840,-52,23.00,2.30,1,2.300,5.00,4.07,43.49,22/04/22,TYCO WHOLESALE  DIST LTD,,,,,,19/09/17,20/03/19,400
TOBACCO,400,CIGARETTES/ TOBACCO,299,VAPE LIQUIDS,165,HALE STRWBERRY E-LIQUID18 18MG,0799439432857,-32,23.00,2.30,1,2.300,5.00,4.07,43.49,28/03/22,TYCO WHOLESALE  DIST LTD,,,,,,06/10/17,20/03/19,400
TOBACCO,400,CIGARETTES/ TOBACCO,299,VAPE LIQUIDS,165,IVGBAR ALOE GRAPE ICE V2,5056348052428,-43,23.00,47.42,10,4.740,7.99,6.50,27.08,23/04/22,SOLV-X PRODUCTS LTD,,,,,,04/03/22,20/04/22,400
TOBACCO,400,CIGARETTES/ TOBACCO,299,VAPE LIQUIDS,165,IVGBAR BERRY LEMONADE,5056348075441,-81,23.00,47.42,10,4.740,7.99,6.50,27.08,18/04/22,SOLV-X PRODUCTS LTD,,,,,,11/02/22,11/02/22,400
TOBACCO,400,CIGARETTES/ TOBACCO,299,VAPE LIQUIDS,165,IVGBAR BLUERASPBERRY ICE,5056348075335,-46,23.00,47.42,10,4.740,7.99,6.50,27.08,22/04/22,SOLV-X PRODUCTS LTD,,,,,,11/02/22,11/02/22,400
TOBACCO,400,CIGARETTES/ TOBACCO,299,VAPE LIQUIDS,165,IVGBAR CLASSIC MENTHOL,5056348052473,-100,23.00,47.42,10,4.740,7.99,6.50,27.08,19/04/22,SOLV-X PRODUCTS LTD,,,,,,02/03/22,02/03/22,400
TOBACCO,400,CIGARETTES/ TOBACCO,299,VAPE LIQUIDS,165,IVGBAR COLA ICE V2,5056348052411,-40,23.00,47.42,10,4.740,7.99,6.50,27.08,23/04/22,SOLV-X PRODUCTS LTD,,,,,,07/03/22,08/03/22,400
TOBACCO,400,CIGARETTES/ TOBACCO,299,VAPE LIQUIDS,165,IVGBAR PASSION FRUIT,5056348052466,-46,23.00,47.42,10,4.740,7.99,6.50,27.08,23/04/22,SOLV-X PRODUCTS LTD,,,,,,02/03/22,10/03/22,400
TOBACCO,400,CIGARETTES/ TOBACCO,299,VAPE LIQUIDS,165,IVGBAR PINK LEMONADE,5056348075458,-124,23.00,47.42,10,4.740,7.99,6.50,27.08,23/04/22,SOLV-X PRODUCTS LTD,,,,,,11/02/22,11/02/22,400
TOBACCO,400,CIGARETTES/ TOBACCO,299,VAPE LIQUIDS,165,IVGBAR STRAWBERRY&WMELON,5056348052435,-30,23.00,47.42,10,4.740,7.99,6.50,27.08,16/03/22,SOLV-X PRODUCTS LTD,,,,,,03/03/22,03/03/22,400
TOBACCO,400,CIGARETTES/ TOBACCO,299,VAPE LIQUIDS,165,IVGBAR STRAWBERRY&WMELON,5056348075380,-20,23.00,47.42,10,4.740,7.99,6.50,27.08,25/02/22,SOLV-X PRODUCTS LTD,,,,,,11/02/22,11/02/22,400
TOBACCO,400,CIGARETTES/ TOBACCO,299,VAPE LIQUIDS,165,LOGIC COMP INTENSE MX BER 18MG,5011054110039,-2,23.00,25.61,6,4.270,7.00,5.69,24.96,24/01/22,JTI Ireland LTD.,,,,,,17/07/21,17/07/21,400
TOBACCO,400,CIGARETTES/ TOBACCO,299,VAPE LIQUIDS,165,LOGIC COMP INTENSE PEPMIN 18MG,5011054109996,-2,23.00,25.61,6,4.270,7.00,5.69,24.96,31/12/21,JTI Ireland LTD.,,,,,,25/07/21,25/07/21,400
TOBACCO,400,CIGARETTES/ TOBACCO,299,VAPE LIQUIDS,165,LOGIC COMP INTENSE POLAR 18MG,5011054110060,-4,23.00,25.61,6,4.270,7.00,5.69,24.96,19/11/21,JTI Ireland LTD.,,,,,,24/07/21,24/07/21,400
TOBACCO,400,CIGARETTES/ TOBACCO,299,VAPE LIQUIDS,165,LOGIC COMP INTENSE SPMINT 18MG,5011054110091,-4,23.00,25.61,6,4.270,7.00,5.69,24.96,25/07/21,JTI Ireland LTD.,,,,,,17/07/21,17/07/21,400
TOBACCO,400,CIGARETTES/ TOBACCO,299,VAPE LIQUIDS,165,LOGIC COMP INTENSE TOBAC 18MG,5011054109965,-2,23.00,25.61,6,4.270,7.00,5.69,24.96,07/06/21,JTI Ireland LTD.,,,,,,16/12/20,01/03/21,400
TOBACCO,400,CIGARETTES/ TOBACCO,299,VAPE LIQUIDS,165,LOGIC COMP MENTOL PK 12MG,5011054112842,-2,23.00,32.91,6,5.490,9.00,7.32,25.00,08/10/21,JTI Ireland LTD.,,,,,,18/08/20,01/03/21,400
TOBACCO,400,CIGARETTES/ TOBACCO,299,VAPE LIQUIDS,165,LOGIC COMP PEPPERMINT 12M,5011054110572,3,23.00,25.61,6,4.270,7.00,5.69,24.96,29/01/22,JTI Ireland LTD.,19693,05/10/21,JTI Ireland LTD.,1110589,In Progress,18/08/20,01/03/21,400
TOBACCO,400,CIGARETTES/ TOBACCO,299,VAPE LIQUIDS,165,LOGIC COMP PEPPERMINT 6MG,5011054110602,0,23.00,25.61,6,4.270,7.00,5.69,24.96,,JTI Ireland LTD.,19862,14/10/21,JTI Ireland LTD.,1110619,In Progress,14/10/21,14/10/21,400
TOBACCO,400,CIGARETTES/ TOBACCO,299,VAPE LIQUIDS,165,LOGIC COMP POLAR MENT 12M,5011054110398,-2,23.00,25.61,6,4.270,7.00,5.69,24.96,26/12/21,JTI Ireland LTD.,21991,09/02/22,JTI Ireland LTD.,1110404,Received,18/08/20,09/02/22,400
TOBACCO,400,CIGARETTES/ TOBACCO,299,VAPE LIQUIDS,165,LOGIC COMP SPEARMINT 12MG,5011054110480,2,23.00,25.61,6,4.270,7.00,5.69,24.96,12/11/21,JTI Ireland LTD.,20890,09/12/21,JTI Ireland LTD.,1110497,In Progress,18/08/20,01/03/21,400
TOBACCO,400,CIGARETTES/ TOBACCO,299,VAPE LIQUIDS,165,LOGIC COMPACT AMERICA TOB 12MG,5011054110305,-5,23.00,25.61,6,4.270,7.00,5.69,24.96,25/03/22,JTI Ireland LTD.,,,,,,17/03/22,17/03/22,400
TOBACCO,400,CIGARETTES/ TOBACCO,299,VAPE LIQUIDS,165,LOGIC COMPACT B/MINT 12MG,5011054105790,-29,23.00,12.78,6,2.130,7.00,5.69,62.57,21/04/22,JTI Ireland LTD.,20316,09/11/21,JTI Ireland LTD.,1105806,Received,11/05/20,09/11/21,400
TOBACCO,400,CIGARETTES/ TOBACCO,299,VAPE LIQUIDS,165,LOGIC COMPACT B/MINT 18MG,5011054105769,-16,23.00,25.61,6,4.270,7.00,5.69,24.96,12/03/22,JTI Ireland LTD.,22251,23/02/22,JTI Ireland LTD.,1105776,Received,20/05/20,23/02/22,400
TOBACCO,400,CIGARETTES/ TOBACCO,299,VAPE LIQUIDS,165,LOGIC COMPACT BANOFFE 12MG,5011054110879,6,23.00,25.61,6,4.270,7.00,5.69,24.96,,JTI Ireland LTD.,22994,30/03/22,JTI Ireland LTD.,1110886,Received,30/03/22,01/04/22,400
TOBACCO,400,CIGARETTES/ TOBACCO,299,VAPE LIQUIDS,165,LOGIC COMPACT BLUEBERRY 12MG,5011054109514,-2,23.00,18.24,6,3.040,7.00,5.69,46.57,09/04/22,JTI Ireland LTD.,21558,18/01/22,JTI Ireland LTD.,1109521,Received,21/04/20,18/01/22,400
TOBACCO,400,CIGARETTES/ TOBACCO,299,VAPE LIQUIDS,165,LOGIC COMPACT BLUEBERRY 6MG,5011054109545,-5,23.00,25.61,6,4.270,7.00,5.69,24.96,05/05/21,JTI Ireland LTD.,,,,,,25/08/20,01/03/21,400
TOBACCO,400,CIGARETTES/ TOBACCO,299,VAPE LIQUIDS,165,LOGIC COMPACT CHAI 12MG,5011054109699,-1,23.00,25.66,6,4.280,6.90,5.61,23.71,14/04/21,General Supplier,,,,,,16/05/20,31/08/20,400
TOBACCO,400,CIGARETTES/ TOBACCO,299,VAPE LIQUIDS,165,LOGIC COMPACT CHAI 6MG,5011054109729,-2,23.00,25.66,6,4.280,6.90,5.61,23.71,20/04/21,General Supplier,,,,,,25/07/20,31/08/20,400
TOBACCO,400,CIGARETTES/ TOBACCO,299,VAPE LIQUIDS,165,LOGIC COMPACT CHERRY 12MG,5011054105738,-3,23.00,25.61,6,4.270,7.00,5.69,24.96,08/11/21,JTI Ireland LTD.,,,,,,08/09/20,01/03/21,400
TOBACCO,400,CIGARETTES/ TOBACCO,299,VAPE LIQUIDS,165,LOGIC COMPACT CHERRY 18MG,5011054105707,-8,23.00,25.61,6,4.270,7.00,5.69,24.96,10/01/22,JTI Ireland LTD.,,,,,,17/07/20,01/03/21,400
TOBACCO,400,CIGARETTES/ TOBACCO,299,VAPE LIQUIDS,165,LOGIC COMPACT MELON 12MG,5011054109781,0,23.00,25.66,6,4.280,6.90,5.61,23.71,04/12/20,General Supplier,,,,,,04/03/22,04/03/22,400
TOBACCO,400,CIGARETTES/ TOBACCO,299,VAPE LIQUIDS,165,LOGIC COMPACT MENTHL 12MG,5011054105677,-18,23.00,18.24,6,3.040,7.00,5.69,46.57,05/01/22,JTI Ireland LTD.,19862,14/10/21,JTI Ireland LTD.,1105684,In Progress,24/03/20,09/09/21,400
TOBACCO,400,CIGARETTES/ TOBACCO,299,VAPE LIQUIDS,165,LOGIC COMPACT MENTHL 18MG,5011054105646,-34,23.00,25.61,6,4.270,7.00,5.69,24.96,25/03/22,JTI Ireland LTD.,19862,14/10/21,JTI Ireland LTD.,1105653,In Progress,26/04/20,01/03/21,400
TOBACCO,400,CIGARETTES/ TOBACCO,299,VAPE LIQUIDS,165,LOGIC COMPACT MENTHL 6MG,5011054109873,-6,23.00,18.24,6,3.040,7.00,5.69,46.57,07/03/22,JTI Ireland LTD.,21558,18/01/22,JTI Ireland LTD.,1109880,Received,21/04/20,18/01/22,400
TOBACCO,400,CIGARETTES/ TOBACCO,299,VAPE LIQUIDS,165,LOGIC COMPACT MIX BERRIES 12MG,5011054109422,-5,23.00,25.61,6,4.270,7.00,5.69,24.96,31/12/21,JTI Ireland LTD.,,,,,,20/05/20,01/03/21,400
TOBACCO,400,CIGARETTES/ TOBACCO,299,VAPE LIQUIDS,165,LOGIC COMPACT MIX BERRIES 6MG,5011054109453,-4,23.00,25.61,6,4.270,7.00,5.69,24.96,07/09/21,JTI Ireland LTD.,,,,,,25/08/20,01/03/21,400
TOBACCO,400,CIGARETTES/ TOBACCO,299,VAPE LIQUIDS,165,LOGIC COMPACT SBERRY 12MG,5011054109033,4,23.00,25.61,6,4.270,7.00,5.69,24.96,26/12/21,JTI Ireland LTD.,22395,02/03/22,JTI Ireland LTD.,1109040,Received,07/06/20,02/03/22,400
TOBACCO,400,CIGARETTES/ TOBACCO,299,VAPE LIQUIDS,165,LOGIC COMPACT SBERRY 6MG,5011054109064,-1,23.00,18.24,6,3.040,7.00,5.69,46.57,06/01/22,JTI Ireland LTD.,21558,18/01/22,JTI Ireland LTD.,1109071,Received,10/06/20,18/01/22,400
TOBACCO,400,CIGARETTES/ TOBACCO,299,VAPE LIQUIDS,165,LOGIC COMPACT T/TOBBCO 12 12MG,5011054108050,-3,23.00,25.61,6,4.270,7.00,5.69,24.96,23/12/21,JTI Ireland LTD.,,,,,,28/04/20,01/03/21,400
TOBACCO,400,CIGARETTES/ TOBACCO,299,VAPE LIQUIDS,165,LOGIC COMPACT T/TOBBCO 18 18MG,5011054108029,-3,23.00,25.61,6,4.270,7.00,5.69,24.96,04/12/21,JTI Ireland LTD.,19862,14/10/21,JTI Ireland LTD.,1108036,In Progress,14/04/20,01/03/21,400
TOBACCO,400,CIGARETTES/ TOBACCO,299,VAPE LIQUIDS,165,LOGIC COMPACT T/TOBBCO 6 6MG,5011054108081,-1,23.00,25.61,6,4.270,7.00,5.69,24.96,28/10/21,JTI Ireland LTD.,,,,,,28/10/21,28/10/21,400
TOBACCO,400,CIGARETTES/ TOBACCO,299,VAPE LIQUIDS,165,LOGIC COMPACT TOBCCO 12MG,5011054105615,-9,23.00,25.61,6,4.270,7.00,5.69,24.96,01/04/22,JTI Ireland LTD.,23137,06/04/22,JTI Ireland LTD.,1105622,In Progress,09/06/20,27/01/22,400
TOBACCO,400,CIGARETTES/ TOBACCO,299,VAPE LIQUIDS,165,LOGIC COMPACT TOBCCO 18MG,5011054105585,-11,23.00,25.61,6,4.270,7.00,5.69,24.96,22/04/22,JTI Ireland LTD.,23137,06/04/22,JTI Ireland LTD.,1105592,In Progress,29/03/20,02/03/22,400
TOBACCO,400,CIGARETTES/ TOBACCO,299,VAPE LIQUIDS,165,LOGIC COMPACT TOBCCO 6MG,5011054109842,-1,23.00,25.61,6,4.270,7.00,5.69,24.96,27/03/22,JTI Ireland LTD.,,,,,,04/03/22,04/03/22,400
TOBACCO,400,CIGARETTES/ TOBACCO,299,VAPE LIQUIDS,165,LOGIC LQD BERRY MINT 12MG,5011054104984,-23,23.00,21.95,6,3.660,6.00,4.88,25.00,26/02/22,JTI Ireland LTD.,21179,24/12/21,JTI Ireland LTD.,1104991,In Progress,21/11/18,29/07/21,400
TOBACCO,400,CIGARETTES/ TOBACCO,299,VAPE LIQUIDS,165,LOGIC LQD BERRY MINT 6MG,5011054107787,-24,23.00,21.95,6,3.660,6.00,4.88,25.00,16/01/22,JTI Ireland LTD.,20997,15/12/21,JTI Ireland LTD.,1107794,In Progress,05/05/20,09/11/21,400
TOBACCO,400,CIGARETTES/ TOBACCO,299,VAPE LIQUIDS,165,LOGIC LQD BLUEBERRY 12MG,5011054103765,-29,23.00,21.95,6,3.660,6.00,4.88,25.00,22/02/22,JTI Ireland LTD.,20572,24/11/21,JTI Ireland LTD.,1103772,In Progress,21/11/18,09/11/21,400
TOBACCO,400,CIGARETTES/ TOBACCO,299,VAPE LIQUIDS,165,LOGIC LQD BLUEBERRY 6MG,5011054107930,-24,23.00,21.95,6,3.660,6.00,4.88,25.00,20/11/21,JTI Ireland LTD.,18572,29/07/21,JTI Ireland LTD.,1107947,Received,24/06/20,29/07/21,400
TOBACCO,400,CIGARETTES/ TOBACCO,299,VAPE LIQUIDS,165,LOGIC LQD CITRUS MINT 6MG,5011054107961,-20,23.00,21.95,6,3.660,6.00,4.88,25.00,23/10/21,General Supplier,,,,,,14/05/20,01/03/21,400
TOBACCO,400,CIGARETTES/ TOBACCO,299,VAPE LIQUIDS,165,LOGIC LQD CITRUS MINT12MG,5011054103802,-25,23.00,21.95,6,3.660,6.00,4.88,25.00,12/02/22,JTI Ireland LTD.,20572,24/11/21,JTI Ireland LTD.,1103819,In Progress,21/11/18,10/06/21,400
TOBACCO,400,CIGARETTES/ TOBACCO,299,VAPE LIQUIDS,165,LOGIC LQD CRIMSON SMR 12M,5011054103130,-9,23.00,21.95,6,3.660,6.00,4.88,25.00,24/01/22,General Supplier,3391,03/07/18,JTI Ireland LTD.,1103147,Received,03/07/18,24/01/22,400
TOBACCO,400,CIGARETTES/ TOBACCO,299,VAPE LIQUIDS,165,LOGIC LQD GOLD AUTUM 18MG,5011054103307,-4,23.00,21.95,6,3.660,6.00,4.88,25.00,12/09/21,General Supplier,3391,03/07/18,JTI Ireland LTD.,1103314,Received,03/07/18,20/03/19,400
TOBACCO,400,CIGARETTES/ TOBACCO,299,VAPE LIQUIDS,165,LOGIC LQD GOLD AUTUMN 6MG,5011054103338,-4,23.00,21.95,6,3.660,6.00,4.88,25.00,29/04/21,General Supplier,3391,03/07/18,JTI Ireland LTD.,1103345,Received,03/07/18,20/03/19,400
TOBACCO,400,CIGARETTES/ TOBACCO,299,VAPE LIQUIDS,165,LOGIC LQD MENTHOL 12MG,5011054104830,-64,23.00,21.95,6,3.660,6.00,4.88,25.00,23/02/22,JTI Ireland LTD.,19953,19/10/21,JTI Ireland LTD.,1104847,In Progress,17/10/18,29/07/21,400
TOBACCO,400,CIGARETTES/ TOBACCO,299,VAPE LIQUIDS,165,LOGIC LQD MENTHOL 6MG,5011054107756,-36,23.00,21.95,6,3.660,6.00,4.88,25.00,02/03/22,JTI Ireland LTD.,21738,27/01/22,JTI Ireland LTD.,1107763,Received,26/03/20,27/01/22,400
TOBACCO,400,CIGARETTES/ TOBACCO,299,VAPE LIQUIDS,165,LOGIC LQD RED CHERRY 12MG,5011054104809,-7,23.00,21.95,6,3.660,6.00,4.88,25.00,06/02/22,JTI Ireland LTD.,19057,25/08/21,JTI Ireland LTD.,1104816,Received,21/11/18,25/08/21,400
TOBACCO,400,CIGARETTES/ TOBACCO,299,VAPE LIQUIDS,165,LOGIC LQD RED CHERRY 6MG,5011054107817,-7,23.00,21.95,6,3.660,6.00,4.88,25.00,26/01/22,JTI Ireland LTD.,19057,25/08/21,JTI Ireland LTD.,1107824,Received,10/06/20,25/08/21,400
TOBACCO,400,CIGARETTES/ TOBACCO,299,VAPE LIQUIDS,165,LOGIC LQD RST TOBACCO 12M,5011054105011,-42,23.00,21.95,6,3.660,6.00,4.88,25.00,31/01/22,JTI Ireland LTD.,21738,27/01/22,JTI Ireland LTD.,1105028,Received,21/11/18,27/01/22,400
TOBACCO,400,CIGARETTES/ TOBACCO,299,VAPE LIQUIDS,165,LOGIC LQD RST TOBACCO 6MG,5011054107718,-18,23.00,21.95,6,3.660,6.00,4.88,25.00,08/02/22,General Supplier,18572,29/07/21,JTI Ireland LTD.,1107725,Received,08/04/20,29/07/21,400
TOBACCO,400,CIGARETTES/ TOBACCO,299,VAPE LIQUIDS,165,LOGIC LQD STRAWBERRY 12MG,5011054104922,-23,23.00,21.95,6,3.660,6.00,4.88,25.00,28/02/22,JTI Ireland LTD.,21558,18/01/22,JTI Ireland LTD.,1104939,Received,21/11/18,18/01/22,400
TOBACCO,400,CIGARETTES/ TOBACCO,299,VAPE LIQUIDS,165,LOGIC LQD STRAWBERRY 6MG,5011054107848,-30,23.00,21.95,6,3.660,6.00,4.88,25.00,08/01/22,JTI Ireland LTD.,19953,19/10/21,JTI Ireland LTD.,1107855,In Progress,14/04/20,29/07/21,400
TOBACCO,400,CIGARETTES/ TOBACCO,299,VAPE LIQUIDS,165,LOGIC LQD TOBACCO 12MG,5011054107688,-41,23.00,21.95,6,3.660,6.00,4.88,25.00,24/02/22,JTI Ireland LTD.,21558,18/01/22,JTI Ireland LTD.,1107695,Received,27/03/20,18/01/22,400
TOBACCO,400,CIGARETTES/ TOBACCO,299,VAPE LIQUIDS,165,LOGIC LQD TOBACCO 18MG,5011054104861,-24,23.00,21.95,6,3.660,6.00,4.88,25.00,26/02/22,JTI Ireland LTD.,21738,27/01/22,JTI Ireland LTD.,1104878,Received,21/11/18,27/01/22,400
TOBACCO,400,CIGARETTES/ TOBACCO,299,VAPE LIQUIDS,165,LOGIC LQD TOBACCO 6MG,5011054104892,-16,23.00,21.95,6,3.660,6.00,4.88,25.00,20/01/22,JTI Ireland LTD.,21179,24/12/21,JTI Ireland LTD.,1104908,In Progress,21/11/18,25/08/21,400
TOBACCO,400,CIGARETTES/ TOBACCO,299,VAPE LIQUIDS,165,LOGIC LQD VANILLA 12MG,5011054104076,-2,23.00,21.95,6,3.660,6.00,4.88,25.00,04/02/22,JTI Ireland LTD.,,,,,,21/11/18,01/03/21,400
TOBACCO,400,CIGARETTES/ TOBACCO,299,VAPE LIQUIDS,165,LOGIC LQD VANILLA 6MG,5011054107909,-4,23.00,21.95,6,3.660,6.00,4.88,25.00,03/09/21,General Supplier,,,,,,09/04/20,01/03/21,400
TOBACCO,400,CIGARETTES/ TOBACCO,299,VAPE LIQUIDS,165,LOGIC LQD WATERMELON 12MG,5011054104953,-33,23.00,21.95,6,3.660,6.00,4.88,25.00,19/01/22,JTI Ireland LTD.,20316,09/11/21,JTI Ireland LTD.,1104960,Received,21/11/18,09/11/21,400
TOBACCO,400,CIGARETTES/ TOBACCO,299,VAPE LIQUIDS,165,LOGIC LQD WATERMELON 6MG,5011054107879,-14,23.00,21.95,6,3.660,6.00,4.88,25.00,24/02/22,General Supplier,,,,,,27/04/20,01/03/21,400
TOBACCO,400,CIGARETTES/ TOBACCO,299,VAPE LIQUIDS,165,NORDIC SPR BERRY CITRUS 6 6MG,5011054112811,-9,23.00,42.68,10,4.270,7.00,5.69,24.96,11/01/22,General Supplier,,,,,,06/06/21,06/06/21,400
TOBACCO,400,CIGARETTES/ TOBACCO,299,VAPE LIQUIDS,165,NORDIC SPR BERRY CITRUS 6 6MG,5011054113429,22,23.00,21.34,5,4.270,7.00,5.69,24.96,12/04/22,JTI Ireland LTD.,22994,30/03/22,JTI Ireland LTD.,1113436,Received,02/10/21,01/04/22,400
TOBACCO,400,CIGARETTES/ TOBACCO,299,VAPE LIQUIDS,165,NORDIC SPR BERRY CITRUS 9 9MG,5011054113481,7,23.00,21.34,5,4.270,7.00,5.69,24.96,20/04/22,JTI Ireland LTD.,22994,30/03/22,JTI Ireland LTD.,1113498,Received,26/08/21,01/04/22,400
TOBACCO,400,CIGARETTES/ TOBACCO,299,VAPE LIQUIDS,165,NORDIC SPR BERRY CITRUS 9 9MG,5011054112781,-9,23.00,42.68,10,4.270,7.00,5.69,24.96,31/12/21,General Supplier,,,,,,30/05/21,30/05/21,400
TOBACCO,400,CIGARETTES/ TOBACCO,299,VAPE LIQUIDS,165,NORDIC SPR SMOOTH MINT 6 6MG,5011054112989,-10,23.00,42.68,10,4.270,7.00,5.69,24.96,05/07/21,General Supplier,,,,,,10/06/21,10/06/21,400
TOBACCO,400,CIGARETTES/ TOBACCO,299,VAPE LIQUIDS,165,NORDIC SPR SMOOTH MINT 9 9MG,5011054112958,-12,23.00,42.68,10,4.270,7.00,5.69,24.96,02/07/21,General Supplier,,,,,,20/04/21,20/04/21,400
TOBACCO,400,CIGARETTES/ TOBACCO,299,VAPE LIQUIDS,165,NORDIC SPR SMOOTHMINT REG 6MG,5011054113399,7,23.00,21.34,5,4.270,7.00,5.69,24.96,23/04/22,JTI Ireland LTD.,22994,30/03/22,JTI Ireland LTD.,1113405,Received,25/08/21,01/04/22,400
TOBACCO,400,CIGARETTES/ TOBACCO,299,VAPE LIQUIDS,165,NORDIC SPR SMOOTHMNT STNG 9MG,5011054113450,9,23.00,21.34,5,4.270,7.00,5.69,24.96,23/04/22,JTI Ireland LTD.,22994,30/03/22,JTI Ireland LTD.,1113467,Received,17/08/21,01/04/22,400
TOBACCO,400,CIGARETTES/ TOBACCO,299,VAPE LIQUIDS,165,ROYAL CARLLOS 10ML (12MG),0799439425729,-2,23.00,2.30,1,2.300,5.00,4.07,43.49,30/04/21,TYCO WHOLESALE  DIST LTD,,,,,,17/11/20,17/11/20,400
TOBACCO,400,CIGARETTES/ TOBACCO,299,VAPE LIQUIDS,165,ROYAL CARLLOS 10ML (6MG),0799439425712,-2,23.00,2.30,1,2.300,5.00,4.07,43.49,22/05/21,TYCO WHOLESALE  DIST LTD,,,,,,12/05/21,12/05/21,400
TOBACCO,400,CIGARETTES/ TOBACCO,299,VAPE LIQUIDS,165,RY4 HALE E LIQUID 12MG,0799439432994,-42,23.00,2.30,1,2.300,5.00,4.07,43.49,16/03/22,TYCO WHOLESALE  DIST LTD,,,,,,17/09/20,17/09/20,400
TOBACCO,400,CIGARETTES/ TOBACCO,299,VAPE LIQUIDS,165,RY4 HALE E LIQUID 18MG,0799439433007,-125,23.00,2.30,1,2.300,5.00,4.07,43.49,23/04/22,TYCO WHOLESALE  DIST LTD,,,,,,01/08/20,01/08/20,400
TOBACCO,400,CIGARETTES/ TOBACCO,299,VAPE LIQUIDS,165,RY4 HALE E LIQUID 6MG,0799439432987,-52,23.00,2.30,1,2.300,5.00,4.07,43.49,23/04/22,TYCO WHOLESALE  DIST LTD,,,,,,21/07/20,21/07/20,400
TOBACCO,400,CIGARETTES/ TOBACCO,299,VAPE LIQUIDS,165,SUPERIOR 12MG LIQUID,0799439431492,-19,23.00,2.30,1,2.300,5.00,4.07,43.49,12/09/21,TYCO WHOLESALE  DIST LTD,,,,,,13/09/20,13/09/20,400
TOBACCO,400,CIGARETTES/ TOBACCO,299,VAPE LIQUIDS,165,SUPERIOR 18MG LIQUID,0799439431508,-26,23.00,2.30,1,2.300,5.00,4.07,43.49,17/02/22,TYCO WHOLESALE  DIST LTD,,,,,,17/04/21,17/04/21,400
TOBACCO,400,CIGARETTES/ TOBACCO,299,VAPE LIQUIDS,165,SUPERIOR 6MG LIQUID,0799439431485,-20,23.00,2.30,1,2.300,5.00,4.07,43.49,14/12/21,TYCO WHOLESALE  DIST LTD,,,,,,30/09/20,30/09/20,400
TOBACCO,400,CIGARETTES/ TOBACCO,299,VAPE LIQUIDS,165,VUSE ELIQUID GRN MINT 12M,5000393031907,-1,23.00,9.76,4,2.440,5.00,4.07,40.05,16/04/22,P. J. CARROLL & CO,22253,23/02/22,P. J. CARROLL & CO,031914,Received,26/06/21,23/02/22,400
TOBACCO,400,CIGARETTES/ TOBACCO,299,VAPE LIQUIDS,165,VUSE ELIQUID GRN MINT 18M,5000393031846,3,23.00,9.76,4,2.440,5.00,4.07,40.05,16/03/22,P. J. CARROLL & CO,22253,23/02/22,P. J. CARROLL & CO,031853,Received,23/02/22,23/02/22,400
TOBACCO,400,CIGARETTES/ TOBACCO,299,VAPE LIQUIDS,165,VUSE ELIQUID GRN MINT 6MG,5000393031877,2,23.00,9.76,4,2.440,5.00,4.07,40.05,16/04/22,P. J. CARROLL & CO,22253,23/02/22,P. J. CARROLL & CO,031884,Received,23/02/22,23/02/22,400
TOBACCO,400,CIGARETTES/ TOBACCO,299,VAPE LIQUIDS,165,VUSE ELIQUID TOBACCO 6MG,5000393366924,-1,23.00,9.76,4,2.440,5.00,4.07,40.05,24/03/22,P. J. CARROLL & CO,,,,,,24/03/22,24/03/22,400
TOBACCO,400,CIGARETTES/ TOBACCO,299,VAPE LIQUIDS,165,VUSE ELIQUID VCHERRY 12MG,5000393367259,-2,23.00,9.76,4,2.440,5.00,4.07,40.05,17/04/22,P. J. CARROLL & CO,,,,,,08/04/22,08/04/22,400
TOBACCO,400,CIGARETTES/ TOBACCO,299,VAPE LIQUIDS,165,VYPE ELIQUID GREEN MINT 12MG,5000393167880,-4,23.00,9.76,4,2.440,5.00,4.07,40.05,30/03/22,General Supplier,8029,18/09/19,P. J. CARROLL & CO,167897,Received,30/01/19,18/09/19,400
TOBACCO,400,CIGARETTES/ TOBACCO,299,VAPE LIQUIDS,165,VYPE ELIQUID GREEN MINT 18MG,5000393167859,-4,23.00,9.76,4,2.440,5.00,4.07,40.05,08/12/21,General Supplier,8029,18/09/19,P. J. CARROLL & CO,167866,Received,30/01/19,18/09/19,400
TOBACCO,400,CIGARETTES/ TOBACCO,299,VAPE LIQUIDS,165,VYPE ELIQUID ORIG TOBACCO 12MG,5000393167828,-13,23.00,9.76,4,2.440,5.00,4.07,40.05,17/07/21,General Supplier,8029,18/09/19,P. J. CARROLL & CO,167835,Received,30/01/19,19/06/21,400
TOBACCO,400,CIGARETTES/ TOBACCO,299,VAPE LIQUIDS,165,VYPE ELIQUID ORIG TOBACCO 18MG,5000393167798,0,23.00,9.92,4,2.480,5.00,4.07,39.07,04/10/19,General Supplier,8029,18/09/19,P. J. CARROLL & CO,167804,Received,30/01/19,07/12/21,400
TOBACCO,400,CIGARETTES/ TOBACCO,299,VAPE LIQUIDS,165,VYPE ELIQUID PANACOTTA 12MG,5000393168276,-10,23.00,17.56,6,2.930,6.00,4.88,39.96,10/04/22,General Supplier,8029,18/09/19,P. J. CARROLL & CO,168283,Received,30/01/19,12/09/21,400
TOBACCO,400,CIGARETTES/ TOBACCO,299,VAPE LIQUIDS,165,VYPE ELIQUID STRBERRY JAM 12MG,5000393167941,-18,23.00,9.76,4,2.440,5.00,4.07,40.05,14/03/22,General Supplier,8029,18/09/19,P. J. CARROLL & CO,167958,Received,30/01/19,14/11/20,400
TOBACCO,400,CIGARETTES/ TOBACCO,299,VAPE LIQUIDS,165,VYPE ELIQUID VERY CHERRY 12MG,5000393167910,-6,23.00,9.76,4,2.440,5.00,4.07,40.05,11/09/21,General Supplier,8029,18/09/19,P. J. CARROLL & CO,167927,Received,30/01/19,31/01/21,400
TOBACCO,400,CIGARETTES/ TOBACCO,299,VAPE LIQUIDS,165,VYPE EPEN3 BLEN TOBCC CAP 6mg,5000393199157,-24,23.00,17.58,6,2.930,6.00,4.88,39.96,03/07/21,General Supplier,,,,,,29/12/19,10/09/20,400
TOBACCO,400,CIGARETTES/ TOBACCO,299,VAPE LIQUIDS,165,VYPE EPEN3 CRSHMINT CAPS,5000393198792,-97,23.00,17.58,6,2.930,6.00,4.88,39.96,26/04/21,General Supplier,8029,18/09/19,P. J. CARROLL & CO,198808,Received,30/01/19,10/09/20,400
TOBACCO,400,CIGARETTES/ TOBACCO,299,VAPE LIQUIDS,165,VYPE EPEN3 CRSHMINT CAPS,5000393199188,-26,23.00,17.88,6,2.980,6.00,4.88,38.93,13/06/21,General Supplier,,,,,,28/06/20,10/09/20,400
TOBACCO,400,CIGARETTES/ TOBACCO,299,VAPE LIQUIDS,165,VYPE EPEN3 MBLEND CAP12MG,5000393198761,-34,23.00,17.88,6,2.980,6.00,4.88,38.93,14/06/21,General Supplier,6588,08/05/19,P. J. CARROLL & CO,198778,Received,30/01/19,10/09/20,400
TOBACCO,400,CIGARETTES/ TOBACCO,299,VAPE LIQUIDS,165,VYPE EPEN3 MBLEND CAPS,5000393167583,-25,23.00,17.88,6,2.980,6.00,4.88,38.93,10/12/21,General Supplier,8029,18/09/19,P. J. CARROLL & CO,167590,Received,30/01/19,10/09/20,400
TOBACCO,400,CIGARETTES/ TOBACCO,299,VAPE LIQUIDS,165,VYPE EPEN3 WBERRIES CAPS 12MG,5000393198822,-55,23.00,17.58,6,2.930,6.00,4.88,39.96,27/05/21,General Supplier,6825,29/05/19,P. J. CARROLL & CO,198839,Received,30/01/19,10/09/20,400
TOBACCO,400,CIGARETTES/ TOBACCO,299,VAPE LIQUIDS,165,VYPE EPEN3 WBERRIES CAPS 18MG,5000393167644,-11,23.00,17.58,6,2.930,6.00,4.88,39.96,10/09/21,General Supplier,7358,12/07/19,P. J. CARROLL & CO,167651,Received,30/01/19,10/09/20,400
TOBACCO,400,CIGARETTES/ TOBACCO,299,VAPE LIQUIDS,165,VYPE EPEN3 WBERRIES CAPS 6MG,5000393199218,-29,23.00,17.58,6,2.930,6.00,4.88,39.96,25/05/21,General Supplier,7358,12/07/19,P. J. CARROLL & CO,199225,Received,12/07/19,10/09/20,400
TOBACCO,400,TOBACCO ACCESSORIES,39,LIGHTERS,11,BIC LIGHTER ELECTRNC J38 PACK,3086126789880,6,23.00,45.99,50,0.920,2.00,1.63,43.56,24/04/22,BWG FOODS,22933,01/01/00,VALUE CENTER,635547,Sent,20/05/17,11/11/21,400
TOBACCO,400,TOBACCO ACCESSORIES,39,LIGHTERS,11,BIC LIGHTER MINI FLINT C PK,070330600072,-134,23.00,31.99,50,0.640,1.25,1.02,37.25,10/07/21,BWG FOODS,,,,,,10/05/16,16/03/21,400
TOBACCO,400,TOBACCO ACCESSORIES,39,LIGHTERS,11,BIC LIGHTERS MAXI CHILD R PK,0070330600065,-130,23.00,35.08,50,0.700,2.00,1.63,57.06,22/01/22,JAYMARK,,,,,,18/11/21,03/12/21,400
TOBACCO,400,TOBACCO ACCESSORIES,39,LIGHTERS,11,CRICKET FIREFLEX CLIPSTRI UNIT   1,8710732230461,-264,23.00,42.15,16,2.630,5.25,4.27,38.41,12/04/22,SHS,,,,,,25/10/16,30/09/21,400
TOBACCO,400,TOBACCO ACCESSORIES,39,LIGHTERS,11,CRICKET LIGHTER SIMPLICI STD,8710732229915,-2217,23.00,42.36,50,0.850,1.75,1.42,40.14,06/11/21,SHS,,,,,,10/05/16,19/03/19,400
TOBACCO,400,TOBACCO ACCESSORIES,39,LIGHTERS,11,MAXI FLINT DECOR J26,3086126788487,0,23.00,33.53,50,0.670,1.89,1.54,56.49,16/03/18,SOLV-X PRODUCTS LTD,,,,,,03/03/18,11/11/21,400
TOBACCO,400,TOBACCO ACCESSORIES,39,LIGHTERS,11,NEWPORT LIGHTER FUEL 100ML,5010062950002,-8,23.00,18.00,12,1.500,2.65,2.15,30.23,26/12/21,AMPERSAND (TDL),,,,,,10/05/16,04/01/22,400
TOBACCO,400,TOBACCO ACCESSORIES,39,LIGHTERS,11,POPPELL ELECTRON LIGHTER,8710732226907,-99,23.00,15.75,50,0.320,2.00,1.63,80.37,14/04/22,SHS,,,,,,10/05/16,09/02/22,400
TOBACCO,400,TOBACCO ACCESSORIES,39,LIGHTERS,11,SWAN GAS REFILL UNIVERSAL 200ML,50226900,-19,23.00,13.95,12,1.160,2.63,2.14,45.79,28/02/22,AMPERSAND (TDL),,,,,,10/05/16,15/07/19,400
TOBACCO,400,TOBACCO ACCESSORIES,39,LIGHTERS,11,SWAN LIGHTER FUEL 100ML,50226924,-8,23.00,15.20,12,1.270,2.40,1.95,34.87,21/01/21,AMPERSAND (TDL),,,,,,11/06/16,05/04/22,400
TOBACCO,400,TOBACCO ACCESSORIES,39,LIGHTERS,11,U140 UTILITY LIGHTER B1,3086126788388,-54,23.00,27.50,10,2.750,4.30,3.50,21.43,23/04/22,BWG FOODS,,,,,,10/05/16,31/07/21,400
TOBACCO,400,TOBACCO ACCESSORIES,39,MATCHES,1,MATCHES CARA BOX. 100PK,53999245,-300,23.00,130.42,1000,0.130,0.30,0.24,45.83,22/04/22,SHS,21897,04/02/22,BWG FOODS,493601,In Progress,10/05/16,28/09/21,400
TOBACCO,400,TOBACCO ACCESSORIES,39,PAPERS,26,CIGARETTE ROLLING TUBE,5410133913095,-1,23.00,3.68,5,0.740,1.00,0.81,8.64,14/12/20,JOHN PLAYER & SON,,,,,,14/12/20,01/03/21,400
TOBACCO,400,TOBACCO ACCESSORIES,39,PAPERS,26,MASCOTTE  PAPERS&TIPS 200G,8710993007178,-407,23.00,23.73,26,0.910,2.05,1.67,45.51,22/04/22,THE VENDING COMPANY (TVL) LTD,,,,,,19/06/19,14/10/21,400
TOBACCO,400,TOBACCO ACCESSORIES,39,PAPERS,26,MASCOTTE ELEMENT TIPS 408.1G,8710993003354,-37,23.00,17.69,50,0.350,0.70,0.57,38.60,22/11/20,THE VENDING COMPANY (TVL) LTD,,,,,,13/10/17,14/10/21,400
TOBACCO,400,TOBACCO ACCESSORIES,39,PAPERS,26,MASCOTTE EXTRA THIN 50 348G,8710993006478,-314,23.00,27.51,50,0.550,1.20,0.98,43.88,10/10/21,THE VENDING COMPANY (TVL) LTD,,,,,,10/05/16,19/03/19,400
TOBACCO,400,TOBACCO ACCESSORIES,39,PAPERS,26,MASCOTTE GREEN 50 206G,8710993003644,-122,23.00,8.33,50,0.170,0.50,0.41,58.54,23/04/22,THE VENDING COMPANY (TVL) LTD,,,,,,10/05/16,20/03/19,400
TOBACCO,400,TOBACCO ACCESSORIES,39,PAPERS,26,MASCOTTE KS PINK ED PAPER 50,8710993007093,-25,23.00,23.73,50,0.470,2.05,1.67,71.86,11/01/21,THE VENDING COMPANY (TVL) LTD,,,,,,26/10/19,14/10/21,400
TOBACCO,400,TOBACCO ACCESSORIES,39,PAPERS,26,MASCOTTE ORIG GOMME PAPER 100,8710993005945,-6,23.00,10.30,20,0.520,1.00,0.81,35.80,24/10/20,THE VENDING COMPANY (TVL) LTD,,,,,,19/07/17,14/10/21,400
TOBACCO,400,TOBACCO ACCESSORIES,39,PAPERS,26,MASCOTTE PR ROLLING PAP 2PK,8710993007239,-30,23.00,25.03,25,1.000,2.05,1.67,40.12,01/04/22,THE VENDING COMPANY (TVL) LTD,,,,,,29/04/21,14/10/21,400
TOBACCO,400,TOBACCO ACCESSORIES,39,PAPERS,26,MASCOTTE PRCUT FILTE5.3MM,8710993005136,-266,23.00,5.83,10,0.580,1.10,0.89,34.83,15/12/21,THE VENDING COMPANY (TVL) LTD,,,,,,10/05/16,14/10/21,400
TOBACCO,400,TOBACCO ACCESSORIES,39,PAPERS,26,MASCOTTE PRECUT FILTE 6MM,8710993005822,-338,23.00,5.83,10,0.580,1.10,0.89,34.83,25/03/22,THE VENDING COMPANY (TVL) LTD,,,,,,18/07/16,14/10/21,400
TOBACCO,400,TOBACCO ACCESSORIES,39,PAPERS,26,MATCHES CARA 10PK,7310683400015,-196,23.00,11.77,10,1.180,1.99,1.62,27.16,23/04/22,General Supplier,,,,,,10/05/16,19/03/19,400
TOBACCO,400,TOBACCO ACCESSORIES,39,PAPERS,26,OCB VIRGIN SLIM PAPER & T,3057067336327,-515,23.00,31.00,32,0.970,2.00,1.63,40.49,23/04/22,AMPERSAND (TDL),,,,,,24/07/20,24/07/20,400
TOBACCO,400,TOBACCO ACCESSORIES,39,PAPERS,26,RIZLA KING SILVER SLIMS,54009677,-148,23.00,39.55,50,0.790,1.50,1.22,35.25,15/03/22,General Supplier,,,,,,11/09/21,11/09/21,400
TOBACCO,400,TOBACCO ACCESSORIES,39,PAPERS,26,RIZLA KINGSIZE BLUE SLIMS 1   32,5010891010434,3,23.00,25.49,50,0.510,0.90,0.73,30.14,26/11/21,JOHN PLAYER & SON,17692,10/06/21,JOHN PLAYER & SON,A09,Received,04/08/16,25/06/21,400
TOBACCO,400,TOBACCO ACCESSORIES,39,PAPERS,26,RIZLA MENTHOL ULTRA SLIM 120,4030700130628,63,23.00,14.15,20,0.710,1.30,1.06,33.02,23/04/22,JOHN PLAYER & SON,22992,30/03/22,JOHN PLAYER & SON,A82,Received,24/03/21,01/04/22,400
TOBACCO,400,TOBACCO ACCESSORIES,39,PAPERS,26,RIZLA PAPER GREEN 32LEAVE,54034488,6,23.00,26.17,50,0.520,1.00,0.81,35.80,28/09/21,VALUE CENTER,17252,18/05/21,JOHN PLAYER & SON,A02,In Progress,19/08/20,01/03/21,400
TOBACCO,400,TOBACCO ACCESSORIES,39,PAPERS,26,RIZLA PAPER RED 32LEAVES,54034495,-46,23.00,25.49,50,0.510,1.00,0.81,37.04,01/10/21,JOHN PLAYER & SON,,,,,,10/05/16,13/10/20,400
TOBACCO,400,TOBACCO ACCESSORIES,39,PAPERS,26,RIZLA POLAR BL CRBALL US 60pk,4030700126928,-81,23.00,19.19,24,0.800,1.60,1.30,38.46,06/04/22,JOHN PLAYER & SON,20570,24/11/21,JOHN PLAYER & SON,A83,In Progress,01/02/21,27/10/21,400
TOBACCO,400,TOBACCO ACCESSORIES,39,PAPERS,26,RIZLA REG PAPER GREEN 50S,54006867,-399,23.00,17.48,100,0.170,0.60,0.49,65.31,24/04/22,JOHN PLAYER & SON,23287,13/04/22,JOHN PLAYER & SON,A92,In Progress,08/12/17,29/03/22,400
TOBACCO,400,TOBACCO ACCESSORIES,39,PAPERS,26,RIZLA REG PAPERS BLUE 50S,54006874,-316,23.00,17.48,100,0.170,0.60,0.49,65.31,23/04/22,JOHN PLAYER & SON,23136,06/04/22,JOHN PLAYER & SON,A93,Received,07/03/18,06/04/22,400
TOBACCO,400,TOBACCO ACCESSORIES,39,PAPERS,26,RIZLA REG PAPERS RED 50'S,54006850,-94,23.00,17.95,100,0.180,0.60,0.49,63.27,22/04/22,VALUE CENTER,19951,19/10/21,JOHN PLAYER & SON,A91,In Progress,05/03/18,01/03/21,400
TOBACCO,400,TOBACCO ACCESSORIES,39,PAPERS,26,RIZLA REGULAR BLUE PAPERS 175G,5410133831887,300,23.00,23.00,100,0.230,0.50,0.41,43.90,,General Supplier,19883,15/10/21,BWG FOODS,684560,In Progress,25/03/20,25/03/20,400
TOBACCO,400,TOBACCO ACCESSORIES,39,PAPERS,26,RIZLA SLIM FILTER TIP150,4030700131311,-11,23.00,7.26,10,0.730,1.30,1.06,31.13,21/02/22,VALUE CENTER,17252,18/05/21,JOHN PLAYER & SON,A80,In Progress,01/03/21,01/03/21,400
TOBACCO,400,TOBACCO ACCESSORIES,39,PAPERS,26,RIZLA ULTRA SLIM FILT TIP 120,4030700131250,-470,23.00,14.15,20,0.710,1.40,1.14,37.72,23/04/22,JOHN PLAYER & SON,23287,13/04/22,JOHN PLAYER & SON,A81,In Progress,22/06/20,19/04/22,400
TOBACCO,400,TOBACCO ACCESSORIES,39,PAPERS,26,SWAN EXTRA SLIM PRE CUT 1,50226894,-514,23.00,11.60,20,0.580,1.10,0.89,34.83,13/04/22,AMPERSAND (TDL),,,,,,10/05/16,27/06/19,400
TOBACCO,400,TOBACCO ACCESSORIES,39,PAPERS,26,SWAN SLIMLINE F/TIPS LOOS 150PK,50226962,-171,0.00,5.80,10,0.580,1.43,1.43,59.44,21/04/22,AMPERSAND (TDL),,,,,,10/05/16,15/07/19,400
TOBACCO,400,TOBACCO ACCESSORIES,39,TOBACCO ACCESSORIES OTHER,1,RIZLA ROLLINGMACHINE 70MM,5410133879216,2,23.00,16.09,10,1.610,3.00,2.44,34.02,12/04/22,JOHN PLAYER & SON,16106,18/03/21,JOHN PLAYER & SON,800,Received,18/10/17,18/03/21,400
TOBACCO,400,VAPES,62,ACCESSORIES,19,HALE FLARE COILS 3PK,5391519812174,0,23.00,4.29,1,4.290,8.00,6.50,34.00,,TYCO WHOLESALE  DIST LTD,,,,,,08/03/22,08/03/22,400
TOBACCO,400,VAPES,62,ACCESSORIES,19,HALE GLOW BLACK DEVICE,5391519810897,-12,23.00,12.15,1,12.150,20.00,16.26,25.28,17/04/22,TYCO WHOLESALE  DIST LTD,,,,,,22/04/20,16/04/22,400
TOBACCO,400,VAPES,62,ACCESSORIES,19,HALE GLOW SILVER DEVICE,5391519810903,-5,23.00,12.15,1,12.150,20.00,16.26,25.28,01/11/21,TYCO WHOLESALE  DIST LTD,,,,,,22/04/20,16/04/22,400
TOBACCO,400,VAPES,62,ACCESSORIES,19,HALE GO DEVICE,5391519817681,0,23.00,6.09,1,6.090,10.00,8.13,25.09,,TYCO WHOLESALE  DIST LTD,,,,,,08/03/22,08/03/22,400
TOBACCO,400,VAPES,62,ACCESSORIES,19,LOGIC COMP INTENSE START 18MG,5011054113160,3,23.00,60.98,4,15.250,25.00,20.33,24.99,22/03/22,JTI Ireland LTD.,23137,06/04/22,JTI Ireland LTD.,1113177,In Progress,27/11/21,18/04/22,400
TOBACCO,400,VAPES,62,ACCESSORIES,19,LOGIC COMPACT DEVICE BLK,5011054113016,-7,23.00,36.59,4,9.150,15.00,12.20,25.00,31/03/22,JTI Ireland LTD.,22395,02/03/22,JTI Ireland LTD.,1113023,Received,02/02/21,02/03/22,400
TOBACCO,400,VAPES,62,ACCESSORIES,19,LOGIC COMPACT DEVICE BLUE,5011054113047,-4,23.00,12.20,4,3.050,5.00,4.07,25.06,10/01/22,JTI Ireland LTD.,19057,25/08/21,JTI Ireland LTD.,1113054,Received,25/08/21,16/04/22,400
TOBACCO,400,VAPES,62,ACCESSORIES,19,LOGIC COMPACT DEVICE NEO,5011054113108,-4,23.00,12.20,4,3.050,5.00,4.07,25.06,03/10/21,JTI Ireland LTD.,,,,,,19/08/21,22/02/22,400
TOBACCO,400,VAPES,62,ACCESSORIES,19,LOGIC COMPACT DEVICE RED,5011054113078,-3,23.00,12.20,4,3.050,5.00,4.07,25.06,06/11/21,JTI Ireland LTD.,19057,25/08/21,JTI Ireland LTD.,1113085,Received,19/08/21,22/02/22,400
TOBACCO,400,VAPES,62,ACCESSORIES,19,LOGIC LQD TANK 1KG,5011054101341,-14,23.00,60.98,5,12.200,20.00,16.26,24.97,08/12/21,JTI Ireland LTD.,3391,03/07/18,JTI Ireland LTD.,1101358,Received,03/03/17,22/02/22,400
TOBACCO,400,VAPES,62,ACCESSORIES,19,VUSE  EPOD VANILLA MEDLEY 12MG,5000393169648,1,23.00,17.07,5,3.410,7.00,5.69,40.07,20/03/22,P. J. CARROLL & CO,20106,27/10/21,P. J. CARROLL & CO,169655,Received,03/07/21,22/04/22,400
TOBACCO,400,VAPES,62,ACCESSORIES,19,VUSE  EPOD VERYBERRY VPRO 12MG,5000393169303,-49,23.00,17.07,5,3.410,7.00,5.69,40.07,23/04/22,P. J. CARROLL & CO,23168,07/04/22,P. J. CARROLL & CO,169310,Received,24/04/21,22/04/22,400
TOBACCO,400,VAPES,62,ACCESSORIES,19,VUSE EPEN3 BLACK DEVICE,5000393170514,-6,23.00,19.52,4,4.880,10.00,8.13,39.98,19/04/22,P. J. CARROLL & CO,20490,19/11/21,P. J. CARROLL & CO,170521,Received,30/06/21,22/02/22,400
TOBACCO,400,VAPES,62,ACCESSORIES,19,VUSE EPEN3 WILDBERRY CAPS 6MG,5000393170484,-5,23.00,20.51,6,3.420,7.00,5.69,39.89,10/04/22,P. J. CARROLL & CO,23290,13/04/22,P. J. CARROLL & CO,170491,In Progress,17/06/21,22/04/22,400
TOBACCO,400,VAPES,62,ACCESSORIES,19,VUSE EPEN3 WILDBERRY VPRO 18MG,5000393170453,5,23.00,20.51,6,3.420,7.00,5.69,39.89,01/04/22,P. J. CARROLL & CO,18571,29/07/21,P. J. CARROLL & CO,170460,Received,29/07/21,22/04/22,400
TOBACCO,400,VAPES,62,ACCESSORIES,19,VUSE EPOD CHILLED MINT 12MG,5000393169204,-78,23.00,17.07,5,3.410,7.00,5.69,40.07,18/04/22,P. J. CARROLL & CO,23290,13/04/22,P. J. CARROLL & CO,169211,In Progress,22/04/21,16/04/22,400
TOBACCO,400,VAPES,62,ACCESSORIES,19,VUSE EPOD GRAPHITE BLACK,5000393169792,-5,23.00,17.07,5,3.410,7.00,5.69,40.07,23/04/22,P. J. CARROLL & CO,23290,13/04/22,P. J. CARROLL & CO,169808,In Progress,17/08/21,04/04/22,400
TOBACCO,400,VAPES,62,ACCESSORIES,19,VUSE EPOD GRAPHITE GOLD,5000393169761,-7,23.00,17.07,5,3.410,7.00,5.69,40.07,08/04/22,P. J. CARROLL & CO,21739,27/01/22,P. J. CARROLL & CO,169778,Received,17/08/21,18/04/22,400
TOBACCO,400,VAPES,62,ACCESSORIES,19,VUSE EPOD JUST MANGO 12MG,5000393169457,-5,23.00,17.07,5,3.410,7.00,5.69,40.07,03/04/22,P. J. CARROLL & CO,18720,06/08/21,P. J. CARROLL & CO,169464,In Progress,03/07/21,22/04/22,400
TOBACCO,400,VAPES,62,CAPSULES/PODS,34,ELF BAR APPLE PEACH POD,6939287959319,-102,23.00,4.55,1,4.550,8.00,6.50,30.00,23/04/22,TYCO WHOLESALE  DIST LTD,,,,,,16/03/22,16/03/22,400
TOBACCO,400,VAPES,62,CAPSULES/PODS,34,ELF BAR BANANA ICE POD,6939287959326,-20,23.00,4.55,1,4.550,8.00,6.50,30.00,22/04/22,General Supplier,,,,,,12/04/22,12/04/22,400
TOBACCO,400,VAPES,62,CAPSULES/PODS,34,ELF BAR GRAPE POD,6939287959388,-77,23.00,4.55,1,4.550,8.00,6.50,30.00,22/04/22,TYCO WHOLESALE  DIST LTD,,,,,,03/02/22,22/02/22,400
TOBACCO,400,VAPES,62,CAPSULES/PODS,34,ELF BAR STRAWBERRY ICE ,6939287959418,-122,23.00,4.55,1,4.550,8.00,6.50,30.00,23/04/22,TYCO WHOLESALE  DIST LTD,,,,,,03/02/22,08/04/22,400
TOBACCO,400,VAPES,62,CAPSULES/PODS,34,VUSE  EPOD CHILLMINT VPRO 18MG,5000393169235,-50,23.00,17.07,5,3.410,7.00,5.69,40.07,29/03/22,P. J. CARROLL & CO,21555,18/01/22,P. J. CARROLL & CO,169242,Received,16/04/21,22/04/22,400
TOBACCO,400,VAPES,62,CAPSULES/PODS,34,VUSE  EPOD CHILLMINT VPRO 6MG,5000393169273,0,23.00,17.07,5,3.410,7.00,5.69,40.07,11/04/22,P. J. CARROLL & CO,23015,31/03/22,P. J. CARROLL & CO,169280,Received,02/07/21,22/04/22,400
TOBACCO,400,VAPES,62,CAPSULES/PODS,34,VUSE  EPOD CREAMTMNT VPRO 12MG,5000393169709,-1,23.00,17.07,5,3.410,7.00,5.69,40.07,07/04/22,P. J. CARROLL & CO,20569,24/11/21,P. J. CARROLL & CO,169716,In Progress,06/07/21,22/04/22,400
TOBACCO,400,VAPES,62,CAPSULES/PODS,34,VUSE  EPOD CREAMTMNT VPRO 6MG,5000393169730,-3,23.00,17.07,5,3.410,7.00,5.69,40.07,09/04/22,P. J. CARROLL & CO,18281,13/07/21,P. J. CARROLL & CO,169747,Received,03/07/21,22/04/22,400
TOBACCO,400,VAPES,62,CAPSULES/PODS,34,VUSE  EPOD PEPPERMINT 12MG,5000393169587,-4,23.00,17.07,5,3.410,7.00,5.69,40.07,03/04/22,P. J. CARROLL & CO,23015,31/03/22,P. J. CARROLL & CO,169594,Received,13/07/21,22/04/22,400
TOBACCO,400,VAPES,62,CAPSULES/PODS,34,VUSE  EPOD PEPPERMNT VPRO 6MG,5000393169617,12,23.00,17.07,5,3.410,7.00,5.69,40.07,23/04/22,P. J. CARROLL & CO,22394,02/03/22,P. J. CARROLL & CO,169624,Received,06/07/21,22/04/22,400
TOBACCO,400,VAPES,62,CAPSULES/PODS,34,VUSE  EPOD VANILLA VPRO 18MG,5000393169679,-12,23.00,17.07,5,3.410,7.00,5.69,40.07,21/04/22,P. J. CARROLL & CO,23290,13/04/22,P. J. CARROLL & CO,169686,In Progress,05/10/21,22/04/22,400
TOBACCO,400,VAPES,62,CAPSULES/PODS,34,VUSE  EPOD VERYBERRY VPRO 18MG,5000393169334,-10,23.00,17.07,5,3.410,7.00,5.69,40.07,18/04/22,P. J. CARROLL & CO,23168,07/04/22,P. J. CARROLL & CO,169341,Received,18/05/21,22/04/22,400
TOBACCO,400,VAPES,62,CAPSULES/PODS,34,VUSE EPEN3 APPLE VPRO 12MG,5000393170095,5,23.00,20.51,6,3.420,7.00,5.69,39.89,13/10/21,P. J. CARROLL & CO,19053,25/08/21,P. J. CARROLL & CO,170101,Received,25/08/21,22/04/22,400
TOBACCO,400,VAPES,62,CAPSULES/PODS,34,VUSE EPEN3 CRSHMINT 6MG,5000393169976,-51,23.00,20.51,6,3.420,7.00,5.69,39.89,07/04/22,P. J. CARROLL & CO,21988,09/02/22,P. J. CARROLL & CO,169983,Received,17/04/21,22/04/22,400
TOBACCO,400,VAPES,62,CAPSULES/PODS,34,VUSE EPEN3 CRSHMINT VPRO,5000393169914,-125,23.00,20.51,6,3.420,7.00,5.69,39.89,24/04/22,P. J. CARROLL & CO,23290,13/04/22,P. J. CARROLL & CO,169921,In Progress,24/04/21,22/04/22,400
TOBACCO,400,VAPES,62,CAPSULES/PODS,34,VUSE EPEN3 CRSHMINT VPRO,5000393169945,-77,23.00,20.51,6,3.420,7.00,5.69,39.89,10/04/22,P. J. CARROLL & CO,23290,13/04/22,P. J. CARROLL & CO,169952,In Progress,09/04/21,22/04/22,400
TOBACCO,400,VAPES,62,CAPSULES/PODS,34,VUSE EPEN3 DARKCHERRY 0MG,5000393170033,0,23.00,20.51,6,3.420,7.00,5.69,39.89,,P. J. CARROLL & CO,,,,,,28/10/21,22/04/22,400
TOBACCO,400,VAPES,62,CAPSULES/PODS,34,VUSE EPEN3 DARKCHERRYVPRO 12MG,5000393170064,6,23.00,20.51,6,3.420,7.00,5.69,39.89,09/04/22,P. J. CARROLL & CO,21174,24/12/21,P. J. CARROLL & CO,170071,In Progress,21/08/21,22/04/22,400
TOBACCO,400,VAPES,62,CAPSULES/PODS,34,VUSE EPEN3 JUST MINT VPRO 12MG,5000393170156,-8,23.00,20.51,6,3.420,7.00,5.69,39.89,14/01/22,P. J. CARROLL & CO,18152,06/07/21,P. J. CARROLL & CO,170163,Received,07/06/21,22/04/22,400
TOBACCO,400,VAPES,62,CAPSULES/PODS,34,VUSE EPEN3 JUST MINT VPRO 6MG,5000393170187,3,23.00,20.51,6,3.420,7.00,5.69,39.89,09/04/22,P. J. CARROLL & CO,21988,09/02/22,P. J. CARROLL & CO,170194,Received,02/07/21,22/04/22,400
TOBACCO,400,VAPES,62,CAPSULES/PODS,34,VUSE EPEN3 MANGO VPRO 12M,5000393170217,5,23.00,20.51,6,3.420,7.00,5.69,39.89,05/04/22,P. J. CARROLL & CO,21174,24/12/21,P. J. CARROLL & CO,170224,In Progress,19/06/21,22/04/22,400
TOBACCO,400,VAPES,62,CAPSULES/PODS,34,VUSE EPEN3 MASTBLEND CAPS,5000393169853,4,23.00,20.51,6,3.420,7.00,5.69,39.89,03/02/22,P. J. CARROLL & CO,21174,24/12/21,P. J. CARROLL & CO,169860,In Progress,02/07/21,22/04/22,400
TOBACCO,400,VAPES,62,CAPSULES/PODS,34,VUSE EPEN3 MASTBLEND VPRO,5000393170248,-7,23.00,20.51,6,3.420,7.00,5.69,39.89,19/04/22,P. J. CARROLL & CO,22132,17/02/22,P. J. CARROLL & CO,170255,Received,06/07/21,22/04/22,400
TOBACCO,400,VAPES,62,CAPSULES/PODS,34,VUSE EPEN3 MASTBLEND VPRO,5000393170279,-29,23.00,20.51,6,3.420,7.00,5.69,39.89,20/04/22,P. J. CARROLL & CO,23290,13/04/22,P. J. CARROLL & CO,170286,In Progress,24/12/21,22/04/22,400
TOBACCO,400,VAPES,62,CAPSULES/PODS,34,VUSE EPEN3 PEPPERMINTVPRO,5000393170330,4,23.00,20.51,6,3.420,7.00,5.69,39.89,09/04/22,P. J. CARROLL & CO,22394,02/03/22,P. J. CARROLL & CO,170347,Received,19/06/21,22/04/22,400
TOBACCO,400,VAPES,62,CAPSULES/PODS,34,VUSE EPEN3 PEPPERMINTVPRO,5000393170361,1,23.00,20.51,6,3.420,7.00,5.69,39.89,20/10/21,P. J. CARROLL & CO,21988,09/02/22,P. J. CARROLL & CO,170378,Received,06/07/21,22/04/22,400
TOBACCO,400,VAPES,62,CAPSULES/PODS,34,VUSE EPEN3 SBERRY VPRO 12MG,5000393170309,5,23.00,20.51,6,3.420,7.00,5.69,39.89,29/03/22,P. J. CARROLL & CO,22253,23/02/22,P. J. CARROLL & CO,170316,Received,19/08/21,22/04/22,400
TOBACCO,400,VAPES,62,CAPSULES/PODS,34,VUSE EPEN3 VANILLA  VPRO 12MG,5000393170125,-6,23.00,20.51,6,3.420,7.00,5.69,39.89,20/04/22,P. J. CARROLL & CO,18983,21/08/21,P. J. CARROLL & CO,170132,Received,02/07/21,22/04/22,400
TOBACCO,400,VAPES,62,CAPSULES/PODS,34,VUSE EPEN3 WILDBERRY VPRO 12MG,5000393170422,0,23.00,20.51,6,3.420,7.00,5.69,39.89,19/03/22,P. J. CARROLL & CO,18066,30/06/21,P. J. CARROLL & CO,170439,In Progress,30/06/21,22/04/22,400
TOBACCO,400,VAPES,62,CAPSULES/PODS,34,VUSE EPOD GARDEN STWBERRY 12MG,5000393169525,-16,23.00,17.07,5,3.410,7.00,5.69,40.07,29/03/22,P. J. CARROLL & CO,23015,31/03/22,P. J. CARROLL & CO,169532,Received,07/04/21,22/04/22,400
TOBACCO,400,VAPES,62,CAPSULES/PODS,34,VUSE EPOD GARDEN STWBERRY 18MG,5000393169556,-9,23.00,17.07,5,3.410,7.00,5.69,40.07,08/04/22,P. J. CARROLL & CO,23290,13/04/22,P. J. CARROLL & CO,169563,In Progress,02/04/21,22/04/22,400
TOBACCO,400,VAPES,62,CAPSULES/PODS,34,VUSE EPOD GOLDEN TOBACCO 12MG,5000393169396,7,23.00,17.07,5,3.410,7.00,5.69,40.07,23/04/22,P. J. CARROLL & CO,23290,13/04/22,P. J. CARROLL & CO,169402,In Progress,30/06/21,22/04/22,400
TOBACCO,400,VAPES,62,CAPSULES/PODS,34,VUSE EPOD GOLDEN TOBACCO 18MG,5000393169426,-24,23.00,17.07,5,3.410,7.00,5.69,40.07,23/04/22,P. J. CARROLL & CO,23168,07/04/22,P. J. CARROLL & CO,169433,Received,30/06/21,22/04/22,400
TOBACCO,400,VAPES,62,CAPSULES/PODS,34,VUSE EPOD JUST MANGO VPRO 18MG,5000393169488,8,23.00,17.07,5,3.410,7.00,5.69,40.07,19/04/22,P. J. CARROLL & CO,23168,07/04/22,P. J. CARROLL & CO,169495,Received,06/07/21,22/04/22,400
TOBACCO,400,VAPES,62,E CIGARETTES,9,10 MOTIVES MENT REFIL 16M,5060545272374,-1,23.00,48.78,10,4.880,10.00,8.13,39.98,17/05/21,P. J. CARROLL & CO,8029,18/09/19,P. J. CARROLL & CO,272510,Received,25/07/18,22/02/22,400
TOBACCO,400,VAPES,62,E CIGARETTES,9,10 MOTIVES RECHAR ELE CIG,5060545272350,-2,23.00,58.54,10,5.850,12.00,9.76,40.06,28/07/21,P. J. CARROLL & CO,,,,,,25/07/18,22/02/22,400
TOBACCO,400,VAPES,62,E CIGARETTES,9,10 MOTIVES REG REFIL 16MG,5060545272367,-10,23.00,48.78,10,4.880,10.00,8.13,39.98,27/04/21,P. J. CARROLL & CO,6997,12/06/19,P. J. CARROLL & CO,272503,Received,25/07/18,22/02/22,400
TOBACCO,400,VAPES,62,E CIGARETTES,9,ELF BAR BLUBERRY SOUR POD,6939287959340,-97,23.00,4.55,1,4.550,8.00,6.50,30.00,23/04/22,TYCO WHOLESALE  DIST LTD,,,,,,15/01/22,22/02/22,400
TOBACCO,400,VAPES,62,E CIGARETTES,9,ELF BAR BLUE RAZZ,6939287959333,-206,23.00,4.55,1,4.550,8.00,6.50,30.00,24/04/22,TYCO WHOLESALE  DIST LTD,,,,,,03/02/22,22/02/22,400
TOBACCO,400,VAPES,62,E CIGARETTES,9,ELF BAR COLA POD,6939287959357,-99,23.00,4.55,1,4.550,8.00,6.50,30.00,23/04/22,TYCO WHOLESALE  DIST LTD,,,,,,17/01/22,22/02/22,400
TOBACCO,400,VAPES,62,E CIGARETTES,9,ELF BAR COTONCANDYICE POD,6939287959364,-77,23.00,4.55,1,4.550,8.00,6.50,30.00,23/04/22,TYCO WHOLESALE  DIST LTD,,,,,,03/02/22,22/02/22,400
TOBACCO,400,VAPES,62,E CIGARETTES,9,ELF BAR KIWI,6939287959395,-99,23.00,4.55,1,4.550,8.00,6.50,30.00,23/04/22,TYCO WHOLESALE  DIST LTD,,,,,,03/02/22,22/02/22,400
TOBACCO,400,VAPES,62,E CIGARETTES,9,ELF BAR MANGO,6939287959401,-76,23.00,4.55,1,4.550,8.00,6.50,30.00,23/04/22,TYCO WHOLESALE  DIST LTD,,,,,,03/02/22,22/02/22,400

